MP Name,Top_Vendor,Vendor_Dominance_Pct,Is_Monopoly_Flag,Vendor_Is_Shell,Vendor_Is_Blacklisted,In_Cartel_Cluster,Collusion_Risk_Score
SALENG A SANGMA,Aiok M Sangma,26.87,False,False,False,False,0
VAMSI KRISHNA GADDAM,SVR CONSTRUCTIONS,34.71,False,False,False,False,0
JOYANTA BASUMATARY,Derhasad Basumatary,7.23,False,False,False,False,0
Jyotsna Charandas Mahant ,CARTEL_CORP_B,34.2,False,True,True,True,5
Shri Anil Kumar Yadav Mandadi (2024-30),SANTRIX CONSTRUCTIONS,62.03,False,False,False,False,0
Smt S Jothimani,P S STALIN,21.87,False,False,False,False,0
Shri Narayanasa K. Bhandage (2024-30),RAJASHEKAR PATIL,32.63,False,False,False,False,0
JITENDRA KUMAR DOHARE,BAKE BIHARI TRADERS,60.52,False,False,False,False,0
DR. MANSUKH MANDAVIYA,MSS MEDITECHNO,16.87,False,False,False,False,0
DARSHAN SINGH CHOUDHARY,Punyashila Automobiles,16.42,False,False,False,False,0
Dr. Ajeet Madhavrao Gopchade (2024-30),MAULI CONSTRUCTION,6.51,False,False,False,False,0
Smt. Sonia Gandhi (2024-30),NEW INDIAN CONSTRUCTION COMPANY,5.34,False,False,False,False,0
Vijay Kumar Hansdak,AJIT KUMAR,49.5,False,False,False,False,0
HARENDRA SINGH MALIK,KHURSHEED ALAM CONTRACTOR,27.15,False,False,False,False,0
SUKHJINDER SINGH RANDHAWA,MS SRV INTERNATIONAL,7.29,False,False,False,False,0
Shri A. A. Rahim (2022-28),TATA MOTORS,16.97,False,False,False,False,0
MAHIMA KUMARI MEWAR,ASHOK KUMAR YADAV,8.62,False,False,False,True,3
KALI CHARAN SINGH,District Engineer,51.8,False,False,False,False,0
Shri Masthan Rao Yadav Beedha (2024-28),Chejarla Suresh Reddy,14.0,False,False,False,False,0
Suresh Kumar Kashyap,Block Development officer Nahan,5.7,False,False,False,False,0
JITIN PRASADA,INDRA JEET VERMA,17.15,False,False,False,False,0
BHUPENDER YADAV,ADIIVE TECHNOLOGES PRIVATE LTD,6.75,False,False,False,False,0
SAVITRI THAKUR,SHADOW_CORP_MONOPOLY,91.24,True,True,False,True,5
Shri Tejveer Singh (2024-30),MAA LAXMI CONTRACTOR AND SUPPLIERS,18.08,False,False,False,False,0
Shri Pradip Kumar Varma (2024-30),Junior Engineer Zila Parishad Prashant Kumar,54.25,False,False,False,False,0
PRAVEEN PATEL,Sunny Enterprises,65.21,False,False,False,False,0
RAJABHAU,PEDKAI ELECTRICALS,8.4,False,False,False,False,0
Smt Anupriya Patel,Atharv Enterprises,66.58,False,False,False,False,0
Priyanka Gandhi Vadra,SML ISUZU LTD,35.64,False,False,False,False,0
VIVEK THAKUR,ASSISTANT ENGINEER LAEO SHEIKHURA BARBIGHA,71.28,True,False,False,False,1
YADUVEER KRISHNADATTA CHAMARAJA WADIYAR,Mysore Nirmithi Kendra,63.82,False,False,False,False,0
BIPLAB KUMAR DEB,Soumen Adhikary,21.41,False,False,False,False,0
Shri Naveen Jain (2024-30),SAI ENTERPRISES,82.3,True,False,False,False,1
Smt. Sudha Murty (2024-30),Nirmithi kendra vijayapur,92.96,True,False,False,False,1
Kani K Navas,FPLUS ENTERPRISES,25.6,False,False,False,False,0
SHOBHA KARANDLAJE,M CUBE INFRATECH PRIVATE LIMITED,13.0,False,False,False,False,0
SHIVRAJ SINGH CHOUHAN,CEO JANPAD KHATEGAON,8.03,False,False,False,False,0
KAMLESH JANGDE,Abhishek Enterprises,15.52,False,False,False,False,0
NABA CHARAN MAJHI,SANSKRUTI ASSOCIATES PVT LTD,17.16,False,False,False,False,0
GOVIND MAKTHAPPA KARJOL,Project Director Nirmithi Kendra Chitradrga,41.84,False,False,False,False,0
Rajkumar Chahar ,SHOURYA ENTERPRISES,27.39,False,False,False,False,0
Raju Bista,Soumita Enterprise,12.22,False,False,False,False,0
RAVINDRA DATTARAM WAIKAR,Krishna Construction Co,14.79,False,False,False,False,0
Shri Mohammed Nadimul Haque (2024-30),KHIVRAJ MOTORS,51.67,False,False,False,False,0
DR RANI SRI KUMAR,R R BUILDERS,19.91,False,False,False,False,0
MANOJ TIGGA,SUBRATA SAHA,38.75,False,False,False,False,0
SK NURUL ISLAM,MA ENTERPRISE,68.91,False,False,False,False,0
Shri Hibi Eden,VE Commercial Vehicles Ltd,55.07,False,False,False,False,0
Dr Sukanta Majumdar ,BOND CONSTRUCTION,36.21,False,False,False,False,0
MURASOLI S,GM Constructions and Infra P,19.01,False,False,False,False,0
Anto Antony,M S Communication,42.47,False,False,False,False,0
Dr. Medha Vishram Kulkarni (2024-30),Sunjiba majur sahkari sanstha maryadit,16.73,False,False,False,False,0
Shri Sadanand Mhalu Shet Tanavade (2023-29),TATA MOTORS,48.91,False,False,False,False,0
Shri Samik Bhattacharya (2024-30),Ananda Mohan Sui,10.43,False,False,False,False,0
Shri Amit Shah,AEON MEDICAL PVT LTD,43.21,False,False,False,False,0
JAGADISH CHANDRA BARMA BASUNIA,PABAN AGARWALA,53.07,False,False,False,False,0
Arvind Ganpat Sawant,Priti Infratech,27.13,False,False,False,False,0
TOKHAN SAHU,RAJKUMAR TIWARI,5.68,False,False,False,False,0
Smt Poonamben Hematbhai Maadam,UDYATI CONTRUCTION,3.74,False,False,False,False,0
Shri Manas Ranjan Mangaraj (2022-28),BUDHIRAM TIYU,7.52,False,False,False,False,0
Shri R. Girirajan (2022-28),JF JAVID HUSSAIN,57.2,False,False,False,False,0
PRIYA SAROJ,BHAGWATI CHAND,50.55,False,False,False,False,0
SUKANTA KUMAR PANIGRAHI,MAHAKUMBHA PROPERTIES PVT LIMITED,34.95,False,False,False,False,0
Smt. Maya Naroliya (2024-30),GRAM PANCHAYAT KADAIYASHAH,14.2,False,False,False,False,0
SHAMBHAVI,ASSISTANT ENGINEER HAYAGHAT,15.05,False,False,False,False,0
Shri Banshilal Gurjar (2024-30),Chief MANAGER OFFICE MEGA PLANning LOcal Area MAndsaur,29.98,False,False,False,False,0
Annpurna Devi ,EXECUTIVE ENGINER NREP GIRIDIH,54.21,False,False,False,False,0
Dr. Dharmshila Gupta (2024-30),VEDIKA SINGH,13.1,False,False,False,False,0
ROOP KUMARI CHOUDHARY,Exicutive Engineer PWD EM Division Nava Raipur,2.78,False,False,False,False,0
Shri Narendra Modi,NEETU CONSTRUCTION,7.86,False,False,False,False,0
GENIBEN NAGAJI THAKOR,GUJARAT LOKSEVA CHARITABLE TRUST,9.49,False,False,False,False,0
K. RAJASHEKAR BASAVARAJ HITNAL,KRIDL BHUSIRI ACCOUNT WORKS,29.4,False,False,False,False,0
Ramvir Singh Bidhuri,Greenz,25.14,False,False,False,False,0
SUDHA R,SRI SAI ENTERPRISES,29.59,False,False,False,False,0
Saumitra khan ,MAA BHABANI CONSTRUCTION,24.5,False,False,False,False,0
Shrikant Eknath Shinde,Pro Ortho Perfect India Pvt Ltd,100.0,True,False,False,False,1
Gyaneshwar Patil,KPL EQUIPMENTS PRIVATE LIMITED,40.17,False,False,False,False,0
Sanjay Haribhau Jadhav,PRUTHIVRAJ PRAMOD BHAMBLE PRO PRUTHIVIRAJ BHAMBLE,14.63,False,False,False,False,0
Shri Raghav Chadha (2022-28),Brightway Contractor and Developers,59.27,False,False,False,False,0
Shri Arjun Ram Meghwal,AKHIL BHARTIYA BISHNOI MAHASABHA,7.32,False,False,False,False,0
Kripanath Mallah,BITU RAY,30.32,False,False,False,False,0
Dr. Radha Mohan Das Agrawal (2022-28),MS Jitendra Kumar Yadav,51.89,False,False,False,False,0
MOHITE PATIL DHAIRYASHEEL RAJSINH,ABHIJEET AGENCIES SOLAPUR,92.68,True,False,False,False,1
Shri B. Parthasaradhi Reddy (2022-28),CARTEL_CORP_A,78.14,True,True,True,True,6
Shri Shantanu Thakur ,MAA KALI BUILDERS,71.54,True,False,False,False,1
Shri Milind Murli Deora (2024-30),Saurabh Vilas Kamane,50.0,False,False,False,False,0
Ms Mahua Moitra,PANKAJ SARKAR,21.55,False,False,False,False,0
Kangana Ranaut,Block Development  Office Rampur  Lok Sabha,11.41,False,False,False,False,0
SHREYAS. M. PATEL,KRIDL BHUSIRI ACCOUNT WORKS,36.98,False,False,False,True,3
MUHAMMED HAMDULLAH SAYEED,The Mananging Director Kerala Medical Service Coporation Ltd,82.78,True,False,False,False,1
Dilip Saikia,Firose Khakhlari,15.14,False,False,False,False,0
AASHTIKAR PATIL NAGESH BAPURAO,SAIBABA STONE CRUSHER AND CONSTRUCTION,30.6,False,False,False,False,0
Shri Abhishek Banerjee,S S CONSTRUCTION,7.35,False,False,False,False,0
JASHUBHAI BHILUBHAI RATHVA,Krupal Construction,26.03,False,False,False,False,0
Shri Dorjee Tshering Lepcha (2024-30),ASSISTANT ENGINEER ZILLA PANCHAYAT OFFICE,19.96,False,False,False,False,0
Smt. Darshana Singh (2022-28),RAMJI CONSTRUCTION,28.65,False,False,False,False,0
V. SOMANNA,TUMKUR NIRMITHI KENDRA,52.92,False,False,False,False,0
Ganesan Selvam,T S SOLAR POWER SYSTEM,24.2,False,False,False,False,0
RAM PRASAD CHAUDHARY,JAI CONSTRUCTION,80.82,True,False,False,False,1
Ram Shiromani,NAVEEN ENTERPRISES,79.07,True,False,False,False,1
Ajay Kumar Mandal,SHIV DURGA INDUSTRIES,56.35,False,False,False,False,0
ANIL YESHWANT DESAI,MS RAVI ASHOK KUNCHIKORVE,43.6,False,False,False,False,0
DHANORKAR PRATIBHA SURESH ALIAS BALUBHAU,NUTAN KAMGAR SAHAKARI SANSTHA,19.18,False,False,False,False,0
Shri Sanjay Kumar Jha (2024-30),ASSISTANT ENGINEER JHANJHARPUR,53.42,False,False,False,False,0
KISHORI LAL,AADI AND RUDRANSH CONSTRUCTION COMPANY,69.48,False,False,False,False,0
Mukesh Rajput,Nightingale Networks LLP,81.58,True,False,False,False,1
Ravi Shankar Prasad,ASSISTANT ENGINEER DIGHA,45.95,False,False,False,False,0
Smt. Adhikarimayum Sharda Devi (2026-32),Akin construction and supply,100.0,True,False,False,False,1
Shri NK Premachandran,SML ISUZU LTD,10.39,False,False,False,False,0
BIJULI KALITA MEDHI,Construction of road from narayan kalita house to sabin boro house,3.85,False,False,False,False,0
Shri Ilaiyaraaja (2022-28),K VANARAJ,30.65,False,False,False,False,0
Kirti Vardhan Singh,AMARNATH PANDEY AMARNATH PANDEY CONTRACTOR,26.88,False,False,False,False,0
Kalanidhi Veeraswamy,SHRI VAIKUNTHANAATHAA,11.59,False,False,False,False,0
SACHITHANANTHAM R,Sri Ganapathi Constructions,9.84,False,False,False,False,0
DR. HEMANG JOSHI,NEELAM CONSTRUCTION,8.14,False,False,False,False,0
Shri Praful Patel (2024-30),NEELAM YOGESH JAISWAL,13.45,False,False,False,False,0
Dr. M. Dhanapal (2025-31),RAK INDUSTRIES,33.0,False,False,False,False,0
Shri Ratanjit Pratap Narain Singh (2024-30),BINDU DEVI,36.1,False,False,False,False,0
GODAM NAGESH,SK SHUTTERS AND FABRICATORS,12.31,False,False,False,False,0
Gumma Thanuja Rani,SRI SAI LAKSHMI CONSTRUCTIONS,19.25,False,False,False,False,0
BUNTY VIVEK SAHU,TELI SAMAJ SANGHTAN PANDURNA,3.6,False,False,False,False,0
Shri Javed Ali Khan (2022-28),HIDAYA QIRAT ENTERPRISES,40.05,False,False,False,False,0
BALYA MAMA SURESH GOPINATH MHATRE,Hindustan Enterprises,18.56,False,False,False,False,0
BISHNU PADA RAY,CSE Construction Pvt Ltd,23.58,False,False,False,False,0
Shri Randeep Singh Surjewala (2022-28),SHARMA CONTRACTOR,4.88,False,False,False,False,0
Shri S Niranjan Reddy (2022-28),IMMALRAJU VENKATASATYA NARAYANARAJU,20.02,False,False,True,False,1
Dr Shashi Tharoor,TATA MOTORS,16.52,False,False,False,False,0
RAHUL SINGH LODHI,MP STATE AGRO INDUSTRIES DEVELOPMENT CORPORATION LTD DAMOH,29.38,False,False,False,False,0
Shri Yerram Venkata Subba Reddy (2024-30),GOTTIPATI MADHUSUDHANA RAO,11.33,False,False,False,False,0
DAROGA PRASAD SAROJ,VARDHAN ASSOCIATES,31.44,False,False,False,False,0
Shri Vivek K. Tankha (2022-28),MP AGRO JABALPUR,3.79,False,False,False,False,0
KRISHNA DEVI SHIVSHANKER PATEL,DHARMENDRA ENTERPRISES,44.28,False,False,False,False,0
Shri P. P. Suneer (2024-30),VE Commercial Vehicles Ltd,25.08,False,False,False,False,0
SARABJEET SINGH KHALSA,GILL TRADING COMPANY,20.62,False,False,False,False,0
KALIPADA SAREN,ATANU PATRA,29.98,False,False,False,False,0
GM Harish Balayogi,SRI SAI SAMHITA CONSTRUCTIONS,21.11,False,False,False,False,0
Shri S. Jaishankar (2023-29),CONNECTWAVE INTEGRATIONS PVT LTD,72.02,True,False,False,False,1
DR. SHARMILA SARKAR,TECHNO BEST,15.29,False,False,False,False,0
SHOBHANABEN MAHENDRASINH BARAIYA,BANTHIWADA GRAM PANCHAYAT,2.82,False,False,False,False,0
Alok Kumar Suman,BIDP INDIA PRIVATE LIMITED,38.37,False,False,False,False,0
KADIYAM KAVYA,KEDARINATH PROJECTS,7.35,False,False,False,False,0
SURESH GOPI,VIBINDAS,20.62,False,False,False,False,0
VIJAYLAKSHMI DEVI,Alam Brothers,84.16,True,False,False,False,1
ABHIJIT GANGOPADHYAY,MANDAL ENTERPRISE,6.39,False,False,False,False,0
Dr. Sangeeta Balwant (2024-30),SHRI SAI ENGINEERING WORKS,50.27,False,False,False,False,0
Krishna Prasad Tenneti,Seetha Remi Reddy,15.79,False,False,False,False,0
SHRIMANT CHH UDAYANRAJE PRATAPSINHAMAHARAJ BHONSLE,Swapnil Raghunath Thorat,9.23,False,False,False,False,0
TARIQ ANWAR,R K Construction,66.56,False,False,False,False,0
ADITYA YADAV,Jagdish Narayan,31.36,False,False,False,False,0
Pratima Mondal ,SHADOW_CORP_MONOPOLY,90.31,True,True,False,True,5
Dr. Sasmit Patra (2022-28),TAPASWINI MOHAPATRA,5.46,False,False,False,False,0
Dr. Ashok Kumar Mittal (2022-28),Living Thoughts Private Limited,21.43,False,False,False,False,0
Shri Damodar Rao Divakonda (2022-28),M Harish,12.58,False,False,False,False,0
MADHAVANENI RAGHUNANDAN RAO,PONNABOYANA SRINIVAS,9.52,False,False,False,False,0
BABU SINGH KUSHWAHA,SURAJ CONSTRUCTION,18.42,False,False,False,False,0
Ravindra Shyamnarayan Alias Ravi Kishan Shukla,KILDEEP MISHRA KRISHI SEWA KENDRA,81.15,True,False,False,False,1
BALABHADRA MAJHI,PRDEEPTA KUMAR PANDA,16.16,False,False,False,False,0
Santosh Pandey,gagan book supplier,6.04,False,False,False,False,0
Shri Neeraj Shekhar (2020-26),SHAIL CONSTRUCTION,63.69,False,False,False,False,0
TRIVENDRA SINGH RAWAT,VINDHYA SOLAR AND LIGHTING SOLUTIONS,21.3,False,False,False,False,0
DURAI VAIKO,C S R CONSTRUCTION,10.53,False,False,False,False,0
Shri Kapil Sibal (2022-28),J R Group,33.99,False,False,False,False,0
IMRAN MASOOD,AHTESHAM CONTRACTOR,20.68,False,False,False,False,0
KOTA SRINIVAS POOJARY,KRIDL BHUSIRI ACCOUNT WORKS,8.72,False,False,False,True,3
MANNA LAL RAWAT,SHREE RAM ENTERPRISES,17.5,False,False,False,False,0
Rajnath Singh,DEVKI ENTERPRISES,22.55,False,False,False,False,0
KARTICK CHANDRA PAUL,B PAUL AND CO,93.18,True,False,False,False,1
RAMASAHAYAM RAGHURAM REDDY,ANUDEEP REDDY YARRAPU,13.27,False,False,False,False,0
Shri Janardan Singh Sigriwal ,Lokbharti Prakashan,25.41,False,False,False,False,0
MUKESHKUMAR CHANDRAKAANT DALAL,Nutra Marketing,14.01,False,False,False,False,0
SAYANI GHOSH,JAYANTA ELECTRIC AND CO,14.22,False,False,False,False,0
DR C N MANJUNATH,PROJECT MANAGER NIRMITHI KENDRA RAMANAGARA,48.44,False,False,False,False,0
Shri R. Dharmar (2022-28),LUCKY ASSOCIATES,36.43,False,False,False,False,0
Dr. K. Laxman (2022-28),Unnati construction,30.19,False,False,False,False,0
Khalilur Rahaman ,MAJIBUR RAHAMAN,41.04,False,False,False,False,0
Manickam Tagore B,Sathess kumar,7.54,False,False,False,False,0
Pradyut Bordoloi,PRITOM TRIBEDI,13.01,False,False,False,False,0
Smt Harsimrat Kaur Badal,Sham Lal Gurpta,3.04,False,False,False,False,0
BAIJAYANT PANDA,ABANI KUMAR MOHANTY,12.95,False,False,False,False,0
Shyamkumar,GRAMPANCHAYAT LOHDONGRI,23.11,False,False,False,False,0
Shri LS Tejasvi Surya ,Raju Bhargav R,26.64,False,False,False,False,0
HARIBHAI PATEL,AMICHANDBHAI PATEL GROUP SERVICES,5.43,False,False,False,False,0
Lavu Sri Krishna Devarayalu,ASHOK CONSTRUCTIONS,66.59,False,False,False,False,0
Nityanand Rai,DARVESHWAR NATH CONSTRUCTION,59.36,False,False,False,False,0
Bidyut Baran Mahato,KANHAIYA KUMAR SINGH,48.51,False,False,False,False,0
UJJWAL RAMAN SINGH,MS VIDYARTHI CONSTRUCTION,28.47,False,False,False,False,0
Smt Sandhya Ray,MP STATE AGRO INDUSTRIES DEV CORP LTD,66.0,False,False,False,False,0
Y S Avinash Reddy,KCR CONSTRUCTIONS KADAPA,7.99,False,False,False,False,0
Maddila Gurumoorthy,Thallapaka Nagarjuna Reddy,13.75,False,False,False,False,0
Shankar Lalwani,SHRI GANESH ASSOCIATES PROPRIETOR NARAYAN SHARMA,56.63,False,False,False,False,0
Dr. Kavita Patidar (2022-28),NATIONAL ENGINEERING WORKS,15.44,False,False,False,False,0
KULDEEP INDORA,RAJ CONSTRUCTION COMPANY,16.79,False,False,False,False,0
DR KALGE SHIVAJI BANDAPPA,VISHWASAMRAT MAGASUARGIYA MAJOOR SAHAKARI SANSTHA MARYADIT,6.9,False,False,False,False,0
JYOTIRADITYA M. SCINDIA,cmo shivpuri,10.47,False,False,False,False,0
Ajay Bhatt,MOHD ASSIF,4.65,False,False,False,False,0
AMARSING TISSO,James Phangcho,24.97,False,False,False,False,0
ARUN NEHRU,KSR CONSTRUCTIONS,6.76,False,False,False,False,0
Manoj Tiwari,Central Electronics Limited,75.67,True,False,False,False,1
AJENDRA SINGH LODHI,KUNAL TRADERS,25.26,False,False,False,False,0
CHIRAG PASWAN,DHARMVIR KUMAR,18.38,False,False,False,False,0
Shri Derek O' Brien (2023-29),KHIVRAJ MOTORS,46.62,False,False,False,False,0
Smt Aparajita Sarangi,Subhasmita Sahoo,13.18,False,False,False,False,0
Shri Ajay Makan (2024-30),Kodagu Nirmithi Kendra,84.34,True,False,False,False,1
Shri Harbhajan Singh (2022-28),BIROKE BUILDERS PVT LTD,8.13,False,False,False,False,0
SAGAR ESHWAR KHANDRE,PRAKASH,12.16,False,False,False,False,0
Shri Narain Dass Gupta (2024-30),BANSAL ELECTRIC STORE,38.95,False,False,False,False,0
T Sumathy (A) Thamizhachi Thangapandian ,L N DREAMWAY CONSTRUCTION,36.73,False,False,False,False,0
MANISH TEWARI,Prabh Kirpa Enterprises,13.7,False,False,False,False,0
Thirumaa Valavan Thol,Arikrishnan k,7.14,False,False,False,False,0
Shri Surendra Singh Nagar (2022-28),BALAJI SUPPLIER,31.58,False,False,False,False,0
D M Kathir Anand,VINAYAGAM ENTERPRISES,11.82,False,False,False,False,0
RAKESH RATHOR,Ravi Electronics,20.15,False,False,False,False,0
Vishnu Dayal Ram,SITA RAM PATEL,72.44,True,False,False,False,1
CN Annadurai,T S SOLAR POWER SYSTEM,40.63,False,False,False,False,0
Smt. Mahua Maji (2022-28),SAMEER TOPPO,35.96,False,False,True,False,1
MALAIYARASAN D,DHANASEKARAN K,40.88,False,False,False,False,0
Shri Imran Pratapgarhi (2022-28),UNITY ENTERPRISES,27.25,False,False,False,False,0
Rahul Kaswan,SHAHIR TRADING AND CONSTRUCTION COMPANY,4.99,False,False,False,False,0
TANGELLA UDAY SRINIVAS,SRI MURALI KRISHNA CONSTRUCTIONS,32.96,False,False,False,False,0
Ramprit Mandal,VIGYAN UPKARAN KENDRA,26.9,False,False,False,False,0
CHANDUBHAI CHHAGANBHAI SHIHORA,MSS MEDITECHNO,5.03,False,False,False,False,0
M. MALLESH BABU,KRIDL BHUSIRI ACCOUNT WORKS,19.99,False,False,False,False,0
NARAYAN DAS AHIRWAR,shyam swaroop manufacturere,65.35,False,False,False,False,0
Kiren Rijiju,Ms Mohnio Enterprises,6.06,False,False,False,False,0
Kamaljeet Sehrawat,ASN Services Pvt Limited,26.45,False,False,False,False,0
LAXMIKANT PAPPU NISHAD,JAI MATA DI VP CONSTRUCTION,79.09,True,False,False,False,1
Shri Tapir Gao,BKM Enterprises,10.85,False,False,False,False,0
Durga Das Uikey ,MP STATE AGRO INDUSTRIES DEVELOPMENT CORP LTD,48.82,False,False,False,False,0
PARIMAL SUKLABAIDYA,MS North East Information Technology,17.45,False,False,False,False,0
SURENDRA PRASAD YADAV,SIMRAN INDUSTRIES GROUP,21.77,False,False,False,False,0
Kinjarapu Ram Mohan Naidu,sudiksa infra projects,22.32,False,False,False,False,0
DINESHBHAI MAKWANA,LABMEDICA SYSTEMS PVT LTD,63.69,False,False,False,False,0
EATALA RAJENDER,SPR Infra,13.21,False,False,False,False,0
PRANITI SUSHILKUMAR SHINDE,MILAN SAHAKARI MAJUR SANSTHA MARYADIT SOLAPUR,23.62,False,False,False,False,0
Shri Jyotirmay Singh Mahato ,ATANU PATRA,100.0,True,False,False,False,1
Shri Kartikeya Sharma (2022-28),KMT Construction Company,100.0,True,False,False,False,1
Shri Mayankkumar Nayak (2024-30),ASIAN CONSTRUCTION,8.39,False,False,False,False,0
Vellalath Kochukrishnan Nair Sreekandan,VISION ELECTRICALS AND ELECTRONICS,31.2,False,False,False,False,0
DR. PRASHANT YADAORAO PADOLE,GRAM PANCHAYAT CHANDORI,7.64,False,False,False,False,0
DR. RAJESH MISHRA,SADGURU SAI INFRA WORLD PVT LTD REWA,32.54,False,False,False,False,0
Dr. Sikander Kumar (2022-28),Universal Press,9.31,False,False,False,False,0
NIMUBEN JAYANTIBHAI BAMBHANIYA,SARVOTTAM APPLIANCES PRIVATE LIMITED,38.97,False,False,False,False,0
CHAMALA KIRAN KUMAR REDDY,DORNALA ANJAIAH,30.84,False,False,False,False,0
DHARMENDRA YADAV,JAI SHREE BALAJI CONSTRUCTION,12.46,False,False,False,False,0
SHIVMANGAL SINGH TOMAR,THE MP STATE AGRO IND DEV CORP LTD SHEOPUR,20.43,False,False,False,False,0
NAVEEN JINDAL,THE KAUSHIK CO OP L AND C SOCITY PABNAWA,4.59,False,False,False,False,0
Smt. Sulata Deo (2022-28),PRAGNYA PARAMITA  SAHOO,8.94,False,False,False,False,0
RACHNA BANERJEE,MAA KALI BUILDERS,21.84,False,False,False,False,0
Magunta Sreenivasulu Reddy,V V SAMBASIVA SRI KRISHNA,21.84,False,False,False,False,0
Shri M K Raghavan,Nisar T P,18.03,False,False,False,False,0
RICHARD VANLALHMANGAIHA,VC PHULDUNGSEI ZAMPUI,2.84,False,False,False,False,0
Bharatsinhji Shankarji Dabhi,YUG ENTERPRISE,19.28,False,False,False,False,0
Smt. Phulo Devi Netam (2026-32),Rameshwar Gupta,40.49,False,False,False,False,0
VINOD KUMAR BIND,Gandhi Construction And Supplier,46.15,False,False,False,False,0
Dr. Kalpana Saini (2022-28),L D CONSTRUCTION,24.86,False,False,False,False,0
K. C VENUGOPAL,Multiline Ventures,26.41,False,False,False,False,0
Smt. Sumitra Balmik (2022-28),MS MANMOHAN SINGH KSHATRI,6.07,False,False,False,False,0
SMITA UDAY WAGH,GURUDATTA GAWANDI KAMGAR MAJOOR SAHAKARI SOCIETY LIMITED,28.5,False,False,False,False,0
Shri Rajib Bhattacharjee (2024-28),Jain Udyog,13.29,False,False,False,False,0
Shri V. Vijayendra Prasad (2022-28),GOLLA SURESH KUMAR,21.84,False,False,False,False,0
Mala Roy ,GOUTAM CONSTRUCTION,16.24,False,False,False,False,0
Shri Dhananjay Bhimrao Mahadik (2022-28),RAI INDUSTRIES,10.31,False,False,False,False,0
Shri Pabitra Margherita (2022-28),MS Allied Construction Co,7.84,False,False,False,False,0
SELVARAJ V,DAWOOD ENTERPRISES,17.66,False,False,False,False,0
Shri Ramji (2020-26),SHRI SAI ELECTRICAL SUPPLIERS CONTRACTOR,39.78,False,False,False,False,0
Bansuri Swaraj,Swing Craft,22.07,False,False,False,False,0
RAMASHANKAR RAJBHAR,GAURI ENTER PRISES,17.8,False,False,False,False,0
AGA SYED RUHULLAH MEHDI,Alyas ahmad mir,12.86,False,False,False,False,0
K Subbarayan,EAGGLE EYE INFRASTRUCTURES,8.28,False,False,False,False,0
Shri Jayant Chaudhary (2022-28),Vaid Associates,24.17,False,False,False,False,0
Shri Jose K. Mani (2024-30),VE Commercial Vehicles Ltd,10.83,False,False,False,False,0
RAJEEV RAI,BIHARI JI MAHADEV ASSOCIATES,21.72,False,False,False,False,0
Kanimozhi Karunanidhi,Antony Selvan M,9.84,False,False,False,False,0
SUDAMA PRASAD,RANJIT SALES CORPORATION,47.65,False,False,False,False,0
Smt. Sagarika Ghose (2024-30),KHIVRAJ MOTORS,53.36,False,False,False,False,0
KUNDURU RAGHUVEER,ALLIED SURGICALS,49.83,False,False,False,False,0
Vijay Kumar Dubey,MAHI ENTERPRISES,66.84,False,False,False,False,0
NEERAJ MAURYA,SHRI GURU KRIPA NARSINGH ASSOCIATES,60.61,False,False,False,False,0
Sasikanth Senthil,L G Arasu,20.8,False,False,False,False,0
Ashok Kumar Yadav ,BIOLUNAR ENERGY SOLUTION,44.98,False,False,False,False,0
Mahendra Singh Solanky,CEO Janpad Panchayat Dewas,17.68,False,False,False,False,0
KALI CHARAN MUNDA,ASSISTANT ENGINEER ZILA PARISHAD KHUNTI,38.75,False,False,False,False,0
Shri Amar Pal Maurya (2024-30),NARAYAN MARBLES,22.14,False,False,False,False,0
Smt. P. T. Usha (2022-28),SML ISUZU LTD,7.56,False,False,False,False,0
Shri Shambhu Sharan Patel (2022-28),Anil Electricals,30.0,False,False,False,False,0
MANOHAR LAL,The Bandh Coop LC Soc Ltd Bandh,36.91,False,False,False,False,0
Shri Kanad Purkayastha (2025-31),ABDUL KALAM BARBHUIYA,33.77,False,False,False,False,0
Om Birla,MUNDRA AUTOMOBILES PRIVATE LIMITED,12.14,False,False,False,False,0
BRIJENDRA SINGH OLA,Sangeet Contractor,9.07,False,False,False,False,0
Smt Satabdi Roy (Banerjee),GOODWILL COMMERCIAL,19.22,False,False,False,False,0
Shri Kesridevsinh Jhala (2023-29),JEDA ENTERPRISE,20.63,False,False,True,False,1
Chandra Prakash Joshi,KRISHNA BRICKS,19.76,False,False,False,False,0
Asaduddin Owaisi,A F Construction op by Ismail,91.87,True,False,False,False,1
RAJESH VERMA,ASSISTANT ENGINEER KHAGARIA,15.87,False,False,False,False,0
Ravindra Vasantrao Chavan,City Light Electrical And Multi Services,12.84,False,False,False,False,0
Sanjay Uttamrao Deshmukh,Shriyog Electricals,16.06,False,False,False,False,0
BASTIPATI NAGARAJU PANCHALINGALA,UMA MAHESWARA TUBE WELLS KURNOOL,26.79,False,False,False,False,0
BHOJRAJ NAG,JAISWAL WOODEN INDUSTRIES,18.06,False,False,False,False,0
Shri Brij Lal (2020-26),SHREYA CONSTRUCTION,18.59,False,False,False,False,0
CHARANJIT SINGH CHANNI,The New Punjab Cooperative L C Society LTD,11.69,False,False,False,False,0
Shri Subhasish Khuntia (2024-30),TAPABANTA SAHOO,44.67,False,False,False,False,0
SHASHANK MANI,MS AMAR MANI TRIPATHI,36.52,False,False,False,False,0
Shri B Y Raghavendra ,Nirmithi Kendra Shivamogga,44.8,False,False,False,False,0
BHARAT SINGH KUSHWAH,BAHUBALI ASSOCIATES,10.12,False,False,False,False,0
Hasmukh Bhai Soma Bhai Patel,ALPHA EQUIPMENTS,24.16,False,False,False,False,0
ADHIKARI SOUMENDU,GLOSIA ENERGY INDIA PRIVATE LIMITED,79.7,True,False,False,False,1
Omprakash Bhupalsinh Alias Pawan Rajenimbalkar,Chairman Shramjivi Majoor Sahakari Sanstha Tuljapur,6.75,False,False,False,False,0
M.K. VISHNUPRASAD,SRI SAI ENTERPRISES,8.7,False,False,False,False,0
Shri Rwngwra Narzary (2022-28),MS Dwithun Basumatary Enterprise,13.85,False,False,False,False,0
Asit Kumar Mal ,BIDYUT BHANDARI,22.14,False,False,False,False,0
C R Patil,SAMBHAV ENTERPRISE,9.95,False,False,False,False,0
DR. S P SINGH,JAI PRAKASH,42.26,False,False,False,False,0
Dr. Parmar Jashvantsinh Salamsinh (2024-30),WEHEAR INNOVATIONS PRIVATE LIMITED,10.85,False,False,False,False,0
Smt Veena Devi ,intent computer solutions,43.89,False,False,False,False,0
Faggan Singh Kulaste,MP STATE AGRO,4.35,False,False,False,False,0
AMBICA G LAKSHMINARAYANA VALMIKI,Pasuparthi Hareesh,37.05,False,False,False,False,0
Shri Naresh Bansal (2020-26),CARTEL_CORP_B,39.49,False,True,True,True,5
Dr. Sudhanshu Trivedi (2024-30),EXCEL CONSTRUCTION,30.85,False,False,False,False,0
Yogendra Chandoliya,MASTER ELECTRIC STORE,29.84,False,False,False,False,0
Prof. Ram Gopal Yadav (2020-26),Pradeep Kumar,29.33,False,False,False,False,0
LALJI VERMA,MS SAKET TRADERS,18.49,False,False,False,False,0
KONDA VISHWESHWAR REDDY,Munavath Raju,10.13,False,False,False,False,0
Shri Rajmohan Unnithan ,Keltron Component complex Ltd Kannur,30.39,False,False,False,False,0
ANOOP PRADHAN BALMIKI,JITENDRA KUMAR SINGH,34.23,False,False,False,False,0
Dr. Vikramjit Singh Sahney (2022-28),Raghu Nath Goyal,7.75,False,False,False,False,0
SANJNA JATAV,SHARMA CONTRACTOR,23.31,False,False,False,False,0
TANUJ PUNIA,Praharsh Infrastructure,92.06,True,False,False,False,1
ABDUL RASHID SHEIKH,MADIHA TRADERS,12.89,False,False,False,False,0
Saptagiri Sankar Ulaka,RAMESWAR NAIK,15.89,False,False,False,False,0
Smt. S. Phangnon Konyak (2022-28),Y C Chingkap Konyak,12.49,False,False,False,False,0
JUNE MALIAH,SUJIT KUMAR CHAKRABORTY,16.16,False,False,False,False,0
ANAND BHADAURIYA,MANNAT CONSTRUCTION,61.57,False,False,False,False,0
DEEPENDER SINGH HOODA,JOGINDER GOVT CONTRACTOR,13.46,False,False,False,False,0
RADHAKRISHNA,KRIDL BHUSIRI ACCOUNT WORKS,69.13,False,False,False,False,0
Shri Mahendra Bhatt (2024-30),ARUN KUMAR,12.86,False,False,False,False,0
Dr. Faiyaz Ahmad (2022-28),Assistant Engineer Bisfi Vidhan Sabha,34.03,False,False,False,False,0
AMRINDER SINGH RAJA WARRING,Garden Gym,13.46,False,False,False,False,0
Shri Ghanshyam Tiwari (2022-28),SHREE JAANKINATA CONSTRUCTION CO,5.48,False,False,False,False,0
Smt Himadri Singh,MS SANJAY KUMAR TIWARI,20.11,False,False,False,False,0
RAJA RAM SINGH,BIDHANSABHA KSHETRA OBRA SAHAYAK ABHIYANTA,20.38,False,False,False,False,0
DR. PRABHA MALLIKARJUN,NIRMITHI KENDRA DAVANGERE,97.83,True,False,False,False,1
Vijay Baghel,ARHAM CONSTRUCTION,8.31,False,False,False,False,0
VIRENDRA SINGH,Aaradhya Enterprises,22.85,False,False,False,False,0
Shri Jugal Kishore Sharma,Rajinder singh Randhawa,7.96,False,False,False,False,0
Shri Samirul Islam (2023-29),KHIVRAJ MOTORS,51.77,False,False,False,False,0
Smt. Sangeeta Yadav (2022-28),HARI TARA ASSOCIATES,21.93,False,False,False,False,0
Smt. Rajathi (2025-31),P RAMAR PANDI,38.11,False,False,False,False,0
Smt Dimple Yadav,MANI CONSTRUCTION,17.37,False,False,False,False,0
Gajendra Singh Shekhawat,Maa Bhadariya Rai Enterprises,100.0,True,False,False,False,1
NILESH DNYANDEV LANKE,SUNIL DATTATRAY KUDALE,20.06,False,False,False,False,0
Shri Arun Kumar Sagar ,RMK ENTERPRISES,27.33,False,False,False,False,0
Giriraj Singh,ASST ENGINEER LAEO WD 1 BEGUSARAI VSK BEGUSARAI,29.99,False,False,False,False,0
Thalikkottai Rajuthevar Baalu,E SEKAR,17.21,False,False,False,False,0
MALVIKA DEVI,ANOUSHKA NIRMAN PVT LTD,27.39,False,False,False,False,0
ANITA NAGARSINGH CHOUHAN,PRACHI CONSTRUCTION,11.43,False,False,False,False,0
K E PRAKASH,QUALITTY ENTERPRISES,45.53,False,False,False,False,0
ISHA KHAN CHOUDHURY,THE LOTUS ENTERPRISE,20.91,False,False,False,False,0
Smt. Renuka Chowdhury (2024-30),Banoth Ramdas,45.06,False,False,False,False,0
DR.K.SUDHAKAR,NIRMITHI KENDRA BANGALORE RURAL DISTRICT,36.18,False,False,False,False,0
PRABHAKAR REDDY VEMIREDDY,SRIHARI RAO AMARANENI,4.07,False,False,False,False,0
Krishan Pal Gurjar,Mentiz Infratech India,38.63,False,False,False,False,0
KARAN BHUSHAN SINGH,SRIJAN CONSTRUCTION,86.56,True,False,False,False,1
Rao Rajendra Singh,MS Smart Tech,16.49,False,False,False,False,0
AMAR SHARADRAO KALE,President Pragati Majoor Sahakari Sanstha Ltd,17.61,False,False,False,False,0
Janardan Mishra,MP STATE AGRO INDUSTRIES DEVELOPMENT CORP REWA,26.47,False,False,False,False,0
DR. M.P ABDUSSAMAD SAMADANI,Mahindra and Mahindra Ltd,10.51,False,False,False,False,0
ANIL BALUNI,DALBEER SINGH,36.42,False,False,False,False,0
CAPTAIN VIRIATO FERNANDES,SML ISUZU LTD,36.26,False,False,False,False,0
Jitendra Singh,Vikram Enterprises,16.25,False,False,False,False,0
Smt. Sadhna Singh (2024-30),UNITED GROUP OF CONSTRUCTION,48.45,False,False,False,False,0
IQRA CHOUDHARY,M S TRADERS,38.54,False,False,False,False,0
Shri Haris Beeran (2024-30),PM ABDUL KAREEM,20.41,False,False,False,False,0
H.D. KUMARASWAMY,PROJECT MANAGER NIRMITHI KENDRA MANDYA,82.91,True,False,False,False,1
BAJRANG MANOHAR SONWANE,Hosabai Mahila Majoor Sahakari Sanstha Limited Sarni Aa,18.12,False,False,False,False,0
Dr. John Brittas (2021-27),SREE GOKULAM HEALTHCARE PVT LTD,12.44,False,False,False,False,0
Kalyan Banerjee,Sushanta Dutta,6.64,False,False,False,False,0
Mansukhbhai Dhanjibhai Vasava,D R KUKADIA,4.44,False,False,False,False,0
Dileshwar Kamait ,VEENA CONSTRUCTIONS,29.9,False,False,False,False,0
JOBA MAJHI,ARJUN KUMAR BAURI,52.05,False,False,False,False,0
Shri Arun Singh (2020-26),Randheer Enterprises,8.32,False,False,False,False,0
DR. KIRSAN NAMDEO,SAMIR RAMKRUSHNA TAJNE,25.74,False,False,False,False,0
Dr. Dharmasthala Veerendra Heggade (2022-28),BLUESKART ECOMMERCE PRIVATE LIMITED,19.79,False,False,False,False,0
GAIKWAD VARSHA EKNATH,MAHENDRA ENTERPRISES,12.52,False,False,False,False,0
Piyush Vedprakash Goyal,ANIKET ANIL SHINDE,9.63,False,False,False,False,0
Shri Lahar Singh Siroya (2022-28),YASHODA R,49.93,False,False,False,False,0
BIBHU PRASAD TARAI,SATENDRA KUMAR SINGH,31.55,False,False,False,False,0
UMMEDA RAM BENIWAL,Jasnath Computer sale and service,19.15,False,False,False,False,0
ADV GOWAAL KAGADA PADAVI,SWAMI POWERTECH,57.67,False,False,False,False,0
Shri Balyogi Umeshnath (2024-30),GP ANANDIPURA A,4.76,False,False,False,False,0
Shri Devendra Pratap Singh (2024-30),Punit Kumar Agrawal,19.33,False,False,False,False,0
Vishnu Dutt Sharma,GRAM PANCHAYAT SINGHORA,19.52,False,False,False,False,0
SURESH KUMAR SHETKAR,MACHNOOR YELLAREDDY,26.81,False,False,False,False,0
Pralhad Venkatesh Joshi,Manjunath Mallappa Kittur,7.62,False,False,False,False,0
Shri Bhartruhari Mahtab,Rabindra Nath Singh,7.69,False,False,False,False,0
Shri Jagat Prakash Nadda (2024-30),GRAM PANCHAYAT NANASADA MAHATMA GANDHI SWACHHATA MISSION YOJNA,23.81,False,False,False,False,0
MANJU SHARMA,ARUN GOVIL,24.53,False,False,False,False,0
GURMEET SINGH MEET HAYER,GHATOURA AGRICULTURE WORKS,16.2,False,False,False,False,0
Appalanaidu Kalisetti,SVSST INFRASTRUCTURE,12.28,False,False,False,False,0
Shri P. Chidambaram (2022-28),D GANESAN ALANGADU,13.04,False,False,False,False,0
Ramesh Chandappa Jigajinagi,SUNIL SABAVVA SANDRIMANI,9.69,False,False,False,False,0
RAJ KUMAR ROAT,Paramount construction PWD,4.35,False,False,False,False,0
SHAFI PARAMBIL,TATA MOTORS,26.71,False,False,False,False,0
SUKHDEO BHAGAT,RAJEEV RANJAN JUNIOR ENGINEER,40.31,False,False,False,False,0
Shri Madan Rathore (2024-30),AKHIL BHARTIYA BISHNOI MAHASABHA,6.13,False,False,False,False,0
Shri vijayakumar Vasanth,R CHANDRASEKARAN,29.13,False,False,False,False,0
Mr Gopal Jee Thakur,BIOLUNAR ENERGY SOLUTION,94.79,True,False,False,False,1
BRIJMOHAN AGRAWAL,ZONE COMMISSIONER ZONE 02,5.09,False,False,False,False,0
Shri Govindbhai Laljibhai Dholakia (2024-30),SHREE GANESH INFOTECH,9.17,False,False,False,False,0
Shri Mukul Wasnik (2022-28),Famous Fountains,3.69,False,False,False,True,3
Shri Harsh Mahajan (2024-30),BDO MASHOBRA RAJYA SABHA,6.73,False,False,False,False,0
R.K. CHAUDHARY,SHREE HARIOM INFOTECH,89.57,True,False,False,False,1
Prof Sougata Ray,APRJ Constructions Private Limited,35.6,False,False,False,False,0
DR. LATA WANKHEDE,MANISH FEBRICATION,16.43,False,False,False,False,0
BALWANT BASWANT WANKHADE,Navnit Sudhirrao Toley,6.46,False,False,False,False,0
Smt. Seema Dwivedi (2020-26),JAYA SRI INDUSTRIES,33.8,False,False,False,False,0
DR RAJKUMAR SANGWAN,TECHKRITI INFRATECH PVT LTD,68.23,False,False,False,False,0
BHARATBHAI MANUBHAI SUTARIYA,DHARI NAGARPALIKA,2.11,False,False,False,False,0
Shri Suresh Kodikunnil,TATA MOTORS,14.89,False,False,False,False,0
PUSHPENDRA SAROJ,MS GYANCHAND,21.31,False,False,False,False,0
Shri K.R.N. Rajeshkumar (2022-28),MOOKAMBIKA CONSTRUCTION,14.24,False,False,False,False,0
Smt. Ranjeet Ranjan (2022-28),STARCARE ENTERPRISES LLP,17.03,False,False,False,False,0
Indra Hang Subba,SHIV SHAKTI FURNITURE,18.21,False,False,False,False,0
ANITA SUBHADARSHINI,SHYAMALENDU PANDA,20.13,False,False,False,False,0
V S Matheswaran,Hindusthan Power Technology,37.13,False,False,False,False,0
RADHE SHYAM RATHIYA,TRILOCHAN RAM YADAV,4.57,False,False,False,False,0
JAI PARKASH,XEN City DHBVN Bhiwani,18.98,False,False,False,False,0
Amol Ramsing Kolhe,NAGSHWAR MAJOOR SAHKARI SANSTHA LTD,13.92,False,False,False,False,0
Smt. Jebi Mather Hisham (2022-28),SML ISUZU LTD,7.63,False,False,False,False,0
Sribharat MathuKumli,SHAIK SARDAR,24.26,False,False,False,False,0
Gajendra Singh Patel,MP STATE  AGRO  IND DEV CO LTD BARWANI,24.32,False,False,False,False,0
Shri Satish Chandra Dubey (2022-28),ASSISTANT ENGINEER NARKATIYAGINJ,18.02,False,False,False,False,0
Kakoli Ghosh Dastidar ,SG ENTERPRISE,16.48,False,False,False,False,0
Sanjay Seth ,AMIT KUMAR JUNIOR ENGINEER,81.1,True,False,False,False,1
Smt. Jaya Amitabh Bachchan (2024-30),Asha Construction,45.99,False,False,False,False,0
Smt. Laxmi Verma (2026-32),MUKHYA KARYAPALAN ADHIKARI JANPAD PANCHAYAT PONDI UPRODA,60.0,False,False,False,False,0
Shri P. Wilson (2025-31),THAMOTHARAN L,50.01,False,False,False,False,0
Rao Inderjit Singh,The Shirdi Sai Cooperative multipurpose society,9.27,False,False,False,False,0
GANAPATHY RAJKUMAR P,R R THULASI BUILDERS INDIA PRIVATE LIMITED,16.11,False,False,False,False,0
DULU MAHATO,BIRENDRA KUMAR MAHATO,75.97,True,False,False,False,1
Shri Chandra Prakash Choudhary,Raj Kishor Mahato,28.42,False,False,False,False,0
Dr Mohammad Jawed,RANJIT SALES CORPORATION,68.51,False,False,False,False,0
Smt Sajda Ahmed,MONIMOY SINGHA ROY,14.54,False,False,False,False,0
VISHWESHWAR HEGDE KAGERI,SHADOW_CORP_MONOPOLY,89.13,True,True,False,True,5
Dr Jayanta Kumar Roy,CONSTRUCON POWER ENGINEERING,51.47,False,False,False,False,0
Shri Hanuman Beniwal,AEN O N M AVVNL,6.12,False,False,False,False,0
Jagdambika Pal,Nistha Enterprises,57.34,False,False,False,False,0
AZAD KIRTI JHA,ASIB ENTERPRISE,17.37,False,False,False,False,0
Parvatagouda Chandanagouda Gaddigoudar,Chairman Nirmithi Kendra Bagalkot,9.11,False,False,False,False,0
Mahesh Sharma,DEV CONSTRUCTION,22.66,False,False,False,False,0
Kaushalendra Kumar,Sheel Sons,27.68,False,False,False,False,0
Shri S. Kalyanasundaram (2022-28),LUCKY ASSOCIATES,22.43,False,False,False,False,0
Shri  Dharambir Singh,Bimla Automobiles,34.36,False,False,False,False,0
GAURAV GOGOI,MRITYUNJOY KHANIKAR,4.56,False,False,True,False,1
Balashowry Vallabbhaneni,Sai Brothers and Co,17.27,False,False,False,False,0
Shri Sant Balbir Singh (2022-28),Satnam Process Engineering,20.7,False,False,False,False,0
DR BYREDDY SHABARI,JAGADEESWARA REDDY DEKIREDDY,16.63,False,False,False,False,0
SANJAY DINA PATIL,anurag urban tecinfra pvt ltd,73.81,True,False,False,False,1
CHANDRA SHEKHAR,MAKSUD AHMAD CONTRACTOR,28.57,False,False,False,False,0
PRADEEP PUROHIT,BISHOK PATEL,9.22,False,False,False,False,0
Shri Gulam Ali (2022-28),RMK ENTERPRISES,39.49,False,False,False,False,0
Shri Babubhai Jesangbhai Desai (2023-29),MAHARANI MEDI CARE PVT LTD,5.8,False,False,False,False,0
S. Jagathrakshakan,AVN CONSTRUCTIONS,5.93,False,False,False,False,0
Ashok Kumar Rawat,SHRI GURU KRIPA NARSINGH ASSOSIATES,30.71,False,False,False,False,0
S SUPONGMEREN JAMIR,Imlichuba,13.68,False,False,False,False,0
Ms. Dola Sen (2023-29),KHIVRAJ MOTORS,47.54,False,False,False,False,0
Shri Jairam Ramesh (2022-28),KRIDL BHUSIRI ACCOUNT WORKS,84.92,True,False,False,False,1
Shri Ryaga Krishnaiah (2024-28),SRI NELCO ENTERPRISES,29.6,False,False,False,False,0
BASAVARAJ BOMMAI,Bommai Zilla Nirmithi Kendra,53.97,False,False,False,False,0
Shri G.C. Chandrashekhar (2024-30),N G GANESH BABU,37.06,False,False,False,False,0
CHANDAN CHAUHAN,SATYAVER SIGH CONTRACTOR AND SUPPLIER,26.29,False,False,False,False,0
Shri Subhash Barala (2024-30),THE BARTA CO OP  L AND C SOCIETY,12.09,False,False,False,False,0
Shri Jual Oram,Geetanjali Traders,31.85,False,False,False,False,0
ABHAY KUMAR SINHA,LITTLE GENIUS AGENCIES,27.14,False,False,False,False,0
Shri Meda Raghunadha Reddy (2024-30),SRI NELCO ENTERPRISES,8.16,False,False,False,False,0
RABINDRA NARAYAN BEHERA,GITASHREE BEHERA,8.75,False,False,False,False,0
Shri Golla Baburao (2024-30),C RAJA REDDY,23.13,False,False,True,False,1
Shri Deepak (Dev) Adhikari ,DUTTA ENTERPRISE,27.91,False,False,False,False,0
SELVAGANAPATHI T M,Sre MCM and Co,53.63,False,False,False,False,0
ALFRED KANNGAM S ARTHUR,Raman Chihansung,49.44,False,False,False,False,0
Shri Nitin Laxmanrao Jadhav Patil (2024-28),SHIVESHAMBHO MAJUR SAHAKARI SANSTHA LTD SHINDEWADE,44.46,False,False,False,False,0
THARANIVENTHAN M S,RAK INDUSTRIES,9.19,False,False,False,False,0
Shri Akhilesh Prasad Singh (2024-30),VAIBHAV VATSHALYA,20.86,False,False,False,False,0
ANDREW J. SYNGKON,Rani Motors,3.36,False,False,False,False,0
D Ravikumar ,Sankaran,8.18,False,False,False,False,0
SHER SINGH GHUBAYA,The Gill Sehkari Kirat te Ussari Sabha Ltd,29.36,False,False,False,False,0
Shri Anil Firojiya,NATIONAL ENGINEERING WORKS,13.38,False,False,False,False,0
Shri Ashokrao Shankarrao Chavan (2024-30),Kailash Pandit Chavan,33.35,False,False,True,False,1
PHANI BHUSAN CHOUDHURY,Construction of LT line for providing power supply to street lights,5.61,False,False,False,False,0
DHARMENDRA PRADHAN,RTO SAMBALPUR,59.28,False,False,False,False,0
Shri Paka Venkata Satyanarayana (2025-28),EXECUTIVE ENGINEER APCPDCL CHIRALA,100.0,True,False,False,False,1
CHHATRAPATI SHAHU SHAHAJI,Kshatriya Constructions,8.86,False,False,False,False,0
Shri Ravi Chandra Vaddiraju (2024-30),BHOJYA GUGULOTH,7.98,False,False,False,False,0
RAHUL GANDHI,AADI AND RUDRANSH CONSTRUCTION COMPANY,23.69,False,False,False,False,0
Prof. Manoj Kumar Jha (2024-30),GRAND TRADING COMPANY,46.36,False,False,False,False,0
Vinod Chavda,N K ENGINEERING,7.01,False,False,False,False,0
RAMESH AWASTHI,VISHWANATH ENTERPRISES,36.54,False,False,False,False,0
KRITI DEVI DEBBARMAN,Senior Deputy Magistrate Khowai,39.47,False,False,False,False,0
Mala Rajya Laxmi Shah ,Masti ram,32.21,False,False,False,False,0
Shri Karti P Chidambaram ,M KARTHIKEYAN,10.17,False,False,False,False,0
Smt Supriya Sadanand Sule,SAMARTHA ENTERPRISES,7.97,False,False,False,False,0
Dr. Sarfraz Ahmad (2024-30),Executive engineer,82.18,True,False,False,False,1
AKSHAYA YADAV,MS RAJ KAMAL CONSTRUCTIONS,72.76,True,False,False,False,1
DR. HEMANT VISHNU SAVARA,TEERTHRAJ VISHWANATH PATIL,15.27,False,False,False,False,0
DAGGUMALLA PRASADA RAO,Mr NARESH GANDHAMANENI,9.08,False,False,False,False,0
Prabhubhai Nagarbhai Vasava,HD ENTERPRISE,21.27,False,False,False,False,0
BHAJAN LAL JATAV,hariom interprizez,25.63,False,False,False,False,0
Shri S.R. Sivalingam (2025-31),APU Constructions,42.01,False,False,False,False,0
Giridhari Yadav,SHIV DURGA INDUSTRIES,46.31,False,False,False,False,0
Shrirang Appa Barne,ASHUTOSH HANUMANT BALKAVADE,24.76,False,False,False,False,0
BAPI HALDAR,S K CHATTERJEE ELECTRICALS PVT LTD,6.37,False,False,False,False,0
AKHILESH YADAV,MS BHARTIYA CONSTRUCTION,14.46,False,False,False,False,0
MURARI LAL MEENA,MENKA YADAV,13.37,False,False,False,True,3
Nitin Jairam Gadkari,Spectrum Services,27.14,False,False,False,False,0
DHAVAL LAXMANBHAI PATEL,Swara Enterprises,46.15,False,False,False,False,0
RUDRA NARAYAN PANY,Jyotsnarani Pradhan,24.65,False,False,False,False,0
MALVINDER SINGH KANG,RS Industries,15.04,False,False,False,False,0
NARAYAN TATU RANE,Manoj Madhukar Waingankar,13.18,False,False,False,False,0
MURLIDHAR MOHOL,MUDHAIDEVI MAJUR SAHKARI SANSTHA MARYADIT,15.83,False,False,False,False,0
Dushyant Singh,Jai mata di construction kelwara,38.41,False,False,False,False,0
SANATAN PANDEY,ARVIND KUMAR PANDEY,71.79,True,False,False,False,1
Shri Sanjay Seth (2024-30),BALAJI CONSTRUCTIONS,68.55,False,False,False,False,0
Kamlesh Paswan,OM ENTERPRISES,65.34,False,False,False,False,0
Kishan Reddy Gangapuram,Medoju Venugopal,91.59,True,False,False,False,1
Shri Benny Behanan,TATA MOTORS,17.43,False,False,False,False,0
Adv Dean Kuriakose,KALLOOR ELECTRONICS AND  LIGHTING PVT LTD,23.23,False,False,False,False,0
VARUN CHAUDHRY,T A S C Group Co op L and C Society Toba,6.78,False,False,False,False,0
Smt. Rekha Sharma (2024-28),XEN City DHBVN Bhiwani,14.65,False,False,False,False,0
ADV K FRANCIS GEORGE,TATA MOTORS,11.77,False,False,False,False,0
G. KUMAR NAIK,CASHUTEC Nirmithi Kendra,32.45,False,False,False,False,0
Jaswantsinh Sumanbhai Bhabhor,Gram Panchayat Gamdi Purv,7.71,False,False,False,False,0
Dr. V. Sivadasan (2021-27),KELTRON,29.8,False,False,False,False,0
MANI. A.,SUCCESS ASSOCIATES,20.08,False,False,False,False,0
JITAN RAM MANJHI,ASSISTANT ENGINEER LAEO BODHGAYA VIDHAN SABHA,21.3,False,False,False,False,0
Pradeep Kumar Singh,SIGMA ENTERPRISES,70.92,True,False,False,False,1
AFZAL ANSARI,SHYAM SOLAR TRADING,41.77,False,False,False,False,0
Shri Sudheer Gupta ,CEO JANPAD PANCHAYAT MANDSAUR,23.11,False,False,False,False,0
MIAN ALTAF AHMAD,MASRAT SIDIQ GILKAR,28.11,False,False,False,False,0
Midhun Reddy,N KAMALAKAR REDDY,6.26,False,False,False,False,0
RAJPALSINH MAHENDRASINH JADAV,RAJ TRADING,3.01,False,False,False,False,0
Shri Jaggesh (2022-28),Rakesh N,22.91,False,False,False,False,0
BACHHAV SHOBHA DINESH,Multiplex Technologies,19.83,False,False,False,False,0
Sunil Dattatray Tatkare,RASHIKA RAMBHAU DHUMAL,10.88,False,False,False,False,0
NALIN SOREN,SANDIP KUMAR BHAGAT,16.87,False,False,False,False,0
DR.MALLU RAVI,Mohammed Hassan Ahemed,18.21,False,False,False,False,0
Shri Birendra Prasad Baishya (2025-31),CONSTRUCTION OF ZUBEEN GARG KHETRA,12.95,False,False,False,False,0
Dr. Laxmikant Bajpayee (2022-28),DHIRENDRA SINGH,33.27,False,False,False,False,0
SATPAL BRAHAMCHARI,Mor Traders,7.67,False,False,False,False,0
B K PARTHASARATHI,N Balakrishna,22.24,False,False,False,False,0
ATUL GARG,Mittal Generator,29.18,False,False,False,False,0
RAJ BHUSHAN CHOUDHARY,SAHAYAK ABHIYANTA KUDHANI VIDHANSABHA KSHETRA,20.37,False,False,False,False,0
Shri Sanjay Raut (2022-28),Kamal Enterprises,23.8,False,False,False,False,0
LOVELY ANAND,R K Construction,21.81,False,False,False,False,0
RAJEEV BHARDWAJ,Project Officer Himurja Kangra at Dharamshala,6.91,False,False,False,False,0
Virendra Kumar,DEEPAK KUMAR SHARMA,7.09,False,False,False,False,0
Anurag Sharma ,AADITYA VAIDHYA,20.64,False,False,False,False,0
S Venkatesan,N K MARI,10.5,False,False,False,False,0
Dr Chandra Sekhar Pemmasani,M Butchaiah and Company,12.46,False,False,False,False,0
Smt Hema Malini,JAY MAHAVEER INFRAVENTURE PRIVATE LIMITED,33.41,False,False,False,False,0
RUCHI VIRA,NATIONAL INFRATECH,92.43,True,False,False,False,1
Putta Mahesh Kumar,I MAX SCIENCE HOUSE,43.21,False,False,False,False,0
BALRAM NAIK PORIKA,CARD Box Company,13.83,False,False,False,False,0
ALOK SHARMA,MP STATE COOPERATIVE MARKETING FEDERATION LTD,7.88,False,False,False,False,0
Dr. Sandeep Kumar Pathak (2022-28),Punjab Police Housing Corporation Limited,12.0,False,False,False,False,0
E.T. MOHAMMED BASHEER,SML ISUZU LTD,36.71,False,False,False,False,0
Shri Sarbananda Sonowal (18LS),BIRAJ DIHINGIA,11.92,False,False,False,False,0
Rajeshbhai Naranbhai Chudasama,PRUTHVI BUILDERS,2.59,False,False,False,False,0
UTKARSH VERMA MADHUR,Shiv kumar thekedar,46.01,False,False,False,False,0
Dr. L. Murugan (2024-30),E E M P H AND I D B DIV DAMOH,31.01,False,False,False,False,0
Anurag Singh Thakur,BDO pragpur,8.25,False,False,False,False,0
BHASKAR MURLIDHAR BHAGARE,NIKITA RATAN TAMBE,16.94,False,False,False,False,0
DR DHARAMVIRA GANDHI,MK INFRA,7.02,False,False,False,False,0
RAKIBUL HUSSAIN,Bimal Auto Agency,9.21,False,False,False,False,0
Thiru Dayanidhi Maran,A AND A BUILDERS AND PROMOTERS,64.57,False,False,False,False,0
DAMODAR AGARWAL,C S TECHNOLOGIES,11.17,False,False,True,False,1
Sudip Bandyopadhyay,M SHAW,20.51,False,False,False,False,0
Abu Taher Khan,SUPTI ENTERPRISE,52.19,False,False,False,False,0
Daggubati Purandeshwari,KANDAVALLI BUTCHAMMA,48.89,False,False,False,False,0
Vaithilingam Ve,SHINOJ T A,16.96,False,False,False,False,0
Harsh Malhotra,Greenz,44.38,False,False,False,False,0
Smt. Geeta alias Chandraprabha (2020-26),RAHISH WARSI,58.79,False,False,False,False,0
Shri Satish Kumar Gautam ,S K CONSTRUCTION,43.93,False,False,False,False,0
Dr. Dinesh Sharma (2023-26),Ramesh Kumar Thekedar,16.42,False,False,False,False,0
Shri Aditya Prasad (2022-28),PARMANAND PASWAN,46.51,False,False,False,False,0
RAJESH RANJAN ALIAS PAPPU YADAV,R K Construction,50.33,False,False,False,False,0
AWADHESH PRASAD,Manoj kumar Srivastava,15.68,False,False,False,False,0
ARUP CHAKRABORTY,GOPAL CHANDRA CHOWDHURY,69.42,False,False,False,False,0
AVIMANYU SETHI,Amiya Ku Das,8.58,False,False,False,False,0
Smt Sangeeta Kumari Singh Deo,ALOK KUMAR NAYAK,11.92,False,False,False,False,0
Shatrughan Sinha,TECHNO BEST,35.81,False,False,False,False,0
MAHESH KASHYAP,GRAM PANCHAYAT HALLOOR,3.5,False,False,False,False,0
Pradan Baruah,UJJAL SAIKIA,17.17,False,False,False,False,0
E. TUKARAM,Bellary Nirmithi Kendra Bellary,51.87,False,False,False,False,0
LUMBARAM,ms galaxy agency,11.7,False,False,False,False,0
Shri Amar Singh,Bristo Security System,4.56,False,False,False,False,0
Nishikant Dubey,PRAKHAND SHIKSHA PRASAR PADADHIKARI,100.0,True,False,False,False,1
Swami Sachchidanandhari Sakshi ji Maharaj ,RAJESH KUMAR PAL,90.91,True,False,False,False,1
Devusinh Jesingbhai Chauhan,BHUVALDI GRAM PANCHAYAT,2.75,False,False,False,False,0
RAMBHUAL NISHAD,Ajay Kumar Singh,22.68,False,False,False,False,0
ASHISH DUBEY,MP AGRO JABALPUR,37.23,False,False,False,False,0
KALYAN VAIJINATHRAO KALE,AMOL BADRINARAYAN KALASKAR,7.64,False,False,False,False,0
Shri PP Chaudhary,Om Construction Rohat,8.48,False,False,False,False,0
Devendra Alias Bhole Singh,Ms GANPATI CONSTRUCTIONS,52.44,False,False,False,False,0
SUNIL BOSE,KRIDL BHUSIRI ACCOUNT WORKS,34.85,False,False,False,False,0
Sunil Kumar ,R K Construction,24.31,False,False,False,False,0
Shri Sandosh Kumar P (2022-28),VE Commercial Vehicles Ltd,16.44,False,False,False,False,0
GOPINATH K,Sri Vaari Total Gaz Distributors,38.91,False,False,False,False,0
Prataprao Jadhav,SHARMA CONSTRUCTION,100.0,True,False,False,False,1
Shri Kumbakudi Sudhakaran,Keltron Component complex Ltd Kannur,22.62,False,False,False,False,0
K RADHAKRISHNAN,MUHAMMED MA,16.17,False,False,False,False,0
Shri S. Selvaganabathy (2021-27),VELUSAMY C,7.28,False,False,False,False,0
Dr. Anil Sukhdeorao Bonde (2022-28),DURGA MOTORS,6.16,False,False,False,False,0
Shri Rajeev Shukla (2022-28),Samriddhi Enterprises,73.89,True,False,False,False,1
BHARTI PARDHI,DEVESH KUMAR PATLE,43.28,False,False,False,False,0
MOHIBBULLAH,AL ARQAM ENTERPRISES,43.01,False,False,False,False,0
ESWARASAMY K,KRISHNAKUMAR G,9.31,False,False,False,False,0
Sivanath Kesineni,Power Solutions,51.98,False,False,False,False,0
Smt. Mamata Thakur (2024-30),Maa Laxmi Enterprise,48.78,False,False,False,False,0
Bhagirath Chaudhary,Jai Mata Rani Construction,10.67,False,False,False,False,0
Shri Satnam Singh Sandhu (2024-30),Sohan Lal Mehta,23.02,False,False,False,False,0
Smt Raksha Nikhil Khadse,GopiKrishana Majoor Sahakari Sanstha Ruikheda,50.66,False,False,False,False,0
ROBERT BRUCE C,SAI IT SYSTEMS,15.81,False,False,False,False,0
BHAUSAHEB RAJARAM WAKCHAURE,Kailas Majur STY Ghoyagaon,12.67,False,False,False,False,0
ANANTA NAYAK,JAYANTA KUMAR JENA,13.72,False,False,False,False,0
ARUN GOVIL,ANUJ INTERLOCKING,16.97,False,False,False,False,0
Prasun Banerjee,PRAYAS,20.56,False,False,False,False,0
Pankaj Chowdhary,MS RAMESH CHANDRA PATEL,94.41,True,False,False,False,1
Radha Mohan Singh,SHANTI DEVI,18.92,False,False,False,False,0
Shri Mithlesh Kumar (2022-28),HIDAYA QIRAT ENTERPRISES,32.73,False,False,False,False,0
RANJIT DUTTA,R ENTERPRISE,23.76,False,False,False,False,0
DEVESH CHANDRA THAKUR,AV ENTERTAINMENT,57.29,False,False,False,False,0
Dinesh Chandra Yadav,GRAND TRADING COMPANY,61.04,False,False,False,False,0
Mitesh Rameshbhai Bakabhai Patel,aastha construction,16.86,False,False,False,False,0
Shri B.L. Verma (2020-26),ND CONTRACTOR,58.19,False,False,False,False,0
Shri Baburam Nishad (2022-28),shyam swaroop manufacturere,45.89,False,False,False,False,0
SELJA,KIRPAL SINGH AND SONS,23.73,False,False,False,False,0
Shri I.S. Inbadurai (2025-31),K G CONSTRUCTIONS,29.6,False,False,False,False,0
P C Mohan,M CUBE INFRATECH PRIVATE LIMITED,48.85,False,False,False,False,0
VISHAL,GANESH MAJUR SAHAKARI SANSTHALTD LINGNOOR,9.23,False,False,False,False,0
Shripad Yesso Naik,A S ENTERPRISES,58.96,False,False,False,False,0
THANGA TAMILSELVAN,JJ LALA PROJECTS PRIVATE LIMITED,6.28,False,False,False,False,0
NARESH CHANDRA UTTAM PATEL,MS YASH CONTRACTOR AND SUPPLIERS,25.58,False,False,False,False,0
Shri Pramod Tiwari (2022-28),HUKAM SINGH CONSTRUCTION COMPANY,6.88,False,False,False,False,0
Shri Manan Kumar Mishra (2024-28),NITU DEVI,19.84,False,False,False,False,0
Sanjay Kumar Bandi,Ahmed Raza,28.19,False,False,False,False,0
DEVESH SHAKYA,SOMYA CONSTRUCTION,60.33,False,False,False,False,0
Mohamed Haneefa,SML ISUZU LTD,34.51,False,False,False,False,0
CHINTAMANI MAHARAJ,SANWARIYA BOREWELLS,24.4,False,False,False,False,0
Jagannath Sarkar,ROKHI GHOSH,25.45,False,False,False,False,0
AMRARAM,Dhaka Stone Comapny,8.26,False,False,False,False,0
Adv Adoor Prakash ,ALLUMINA ELECTRONICS,96.73,True,False,False,False,1
ANUP SANJAY DHOTRE,Nishant Gulab Rathod,9.2,False,False,False,False,0
Arvind Dharmapuri,GUTHI SRINIVAS,6.98,False,False,False,False,0
KAMAKHYA PRASAD TASA,We R,20.35,False,False,False,False,0
BHUMARE SANDIPANRAO ASARAM,shri jagdamba construction,16.15,False,False,False,False,0
Shri Jogen Mohan (2026-32),CONST OF ROAD FROM B B LINKED ROAD TO UPEN DAS HOUSE AT BAMUN BARADI,100.0,True,False,False,False,1
DR. RAJ KUMAR CHABBEWAL,Varinder Kumar Sood,6.04,False,False,False,False,0
PATHAN YUSUF,CIMECON ENTERPRISES,39.12,False,False,False,False,0
ZIA UR REHMAN,MK INFRATECH,68.11,False,False,False,False,0
Shri Khiru Mahto (2022-28),ASSISTANT ENGINEER FATUHA,26.51,False,False,False,False,0
Andimuthu Raja,C Chithambaram,7.69,False,False,False,False,0
PARSHOTTAMBHAI RUPALA,Sanathali Gram Panchayat,4.09,False,False,False,False,0
SAMBIT PATRA,ODISHA DISTRIBUTING AUTHORITY,27.42,False,False,False,False,0
KANWAR SINGH TANWAR,Siddhu Enterprises,74.6,True,False,False,False,1
Shri Chandrakant Damodar Handore (2024-30),Kolte Patil Developer,37.82,False,False,False,False,0
Rodmal Nagar ,MP Agro Biaora,51.2,False,False,False,False,0
Shri Gurjeet Singh Aujla,THE CHAWINDA COOPRATIVE LABOUR AND CONSTRUCTION SOCIETY,25.93,False,False,False,False,0
SUDHAKAR SINGH,ASSISTANT ENGINEER RAMGARH,33.96,False,False,False,False,0
Khagen Murmu,VENTURE SPECTACULAR,37.29,False,False,False,False,0
Dr. Syed Naseer Hussain (2024-30),KRIDL BHUSIRI ACCOUNT WORKS,68.37,False,False,False,False,0
Pratap Chandra Sarangi,Ms Durga Traders,40.59,False,False,False,False,0
Dr. Bhim Singh (2024-30),VEDIKA SINGH,52.95,False,False,False,False,0
Bhola Singh,M S Y  R ENTERPRISES,39.39,False,False,False,False,0
Shri Abdul Wahab (2021-27),SML ISUZU LTD,6.1,False,False,False,False,0
Shri Ramji Lal Suman (2024-30),ASHOK KUMAR,42.25,False,False,False,False,0
CAPTAIN BRIJESH CHOWTA,D K NIRMITHI KENDRA,9.76,False,False,False,False,0
Ganesh Singh,RM MP AGRO SATNA,24.77,False,False,False,False,0
Shri Hardeep Singh Puri (2020-26),Vimal Enterprises,11.1,False,False,False,False,0
Shri Sanjay Singh (2024-30),KHANNA SALES CORPORATION,12.8,False,False,False,False,0
CHHATRA PAL SINGH GANGWAR,ANUJ SINGHAL CONTRACTOR,55.36,False,False,False,False,0
JAGADISH SHETTAR,PRIYESH GOUNDADKAR,9.78,False,False,False,False,0
Dhairyasheel Sambhajirao Mane,Cosine Green Power,41.05,False,False,False,False,0
ARUN BHARTI,Gyan Ganga,29.18,False,False,False,False,0
C.M.RAMESH,GRAMONNATI,28.61,False,False,False,False,0
Praveen Khandelwal,Greenz,22.9,False,False,False,False,0
Shri Nagendra Ray (2023-29),SAJAL KUMAR KAR,36.41,False,False,False,False,0
Shri Chunnilal Garasiya (2024-30),JAY HANUMAN TRADERS,9.8,False,False,False,True,3
Prof SP Singh Baghel,SAI ENTERPRISES,64.35,False,False,False,False,0
ANGOMCHA BIMOL AKOIJAM,Murphy Thumrah,86.91,True,False,False,False,1
Shri Ashok Singh (2024-30),GRAM PANCHAYAT AMODA,10.21,False,False,False,False,0
PRIYANKA SATISH JARKIHOLI,FORCE MOTORS LIMITED,28.56,False,False,False,False,0
Shri Ashwini Vaishnaw (2024-30),VALUABLE WHEELS INDIA PRIVATE LIMITED,27.21,False,False,False,False,0
Smt. Nirmala Sitharaman (2022-28),Dharwad Research and Technology Incubator Foundation,34.9,False,False,False,False,0
ARUNA. D. K,VIOLET ENTERPRISES,58.57,False,False,False,False,0
BAG MITALI,SN ENTERPRISE,21.27,False,False,False,False,0
Ajay Tamta,LAL SINGH JALAL,23.05,False,False,False,False,0
