number,value,datetime_start,datetime_complete,duration,params_colsample_bylevel,params_colsample_bytree,params_gamma,params_learning_rate,params_max_delta_step,params_max_depth,params_min_child_weight,params_n_estimators,params_reg_alpha,params_reg_lambda,params_subsample,user_attrs_cv_std,state
0,0.9081230832714071,2026-09-18 20:29:21.029930,2026-09-18 20:29:21.858478,0 days 00:00:00.828548,0.49359671220172163,0.4936111842654619,1.1752647960576206,0.1205712628744377,0,7,0.6194745024628934,400,0.10129197956845731,2.124280213720889,0.7993292420985183,0.02361944837460565,COMPLETE
1,0.8925136023776213,2026-09-18 20:29:21.858929,2026-09-18 20:29:24.390720,0 days 00:00:02.531791,0.5825453457757226,0.5100427059120604,0.010707712109770782,0.020589728197687916,1,6,3.4646653174710598,900,0.0028585493941961923,0.7500295933641418,0.5909124836035503,0.0324890730643178,COMPLETE
2,0.8983267585252823,2026-09-18 20:29:24.391502,2026-09-18 20:29:25.254368,0 days 00:00:00.862866,0.708540663048167,0.5198042692950159,0.0001652985698323788,0.04717052037625178,0,4,4.446862319918233,300,0.10907475835157694,0.006328309952869302,0.8925879806965068,0.02957451727836258,COMPLETE
3,0.8767398882788573,2026-09-18 20:29:25.254705,2026-09-18 20:29:26.839261,0 days 00:00:01.584556,0.8105398159072941,0.45860326840383037,0.0003745018823436387,0.1563510870813346,8,7,2.5358333235759627,900,0.029914693021302164,0.0014507434860119778,0.6523068845866853,0.05852928707016395,COMPLETE
4,0.8740842544450865,2026-09-18 20:29:26.839861,2026-09-18 20:29:27.530882,0 days 00:00:00.691021,0.5109126733153162,0.7280261676059678,0.4388598863942792,0.028869220380495747,5,5,17.87733361282641,300,4.9830438374949075,16.023850290194936,0.7600340105889054,0.027283117537942297,COMPLETE
5,0.8987549695969136,2026-09-18 20:29:27.531235,2026-09-18 20:29:29.022960,0 days 00:00:01.491725,0.6332063738136893,0.5951981984579586,0.7838134236608698,0.01947558230629543,4,2,1.360465183078236,850,0.0060780830996819525,0.020897909023786364,0.522613644455269,0.029442554384973472,COMPLETE
6,0.8872793926787995,2026-09-18 20:29:29.023561,2026-09-18 20:29:30.382402,0 days 00:00:01.358841,0.5192294089205034,0.8633468615779945,0.6789359290638651,0.012886065671894011,6,6,0.5102896587491044,200,0.3422052903270694,2.6642981030636883,0.9934434683002586,0.03515067563237883,COMPLETE
7,0.8828203292111422,2026-09-18 20:29:30.382743,2026-09-18 20:29:31.026528,0 days 00:00:00.643785,0.5985388149115896,0.7739788760965347,0.0028926547478415558,0.014830392684568025,5,4,0.6321123775566324,150,0.0042258746449961694,2.6816219202012923,0.9315517129377968,0.03547026574288975,COMPLETE
8,0.9015829208675861,2026-09-18 20:29:31.026886,2026-09-18 20:29:33.395698,0 days 00:00:02.368812,0.7367663185416977,0.8564710291701385,0.020908876411396386,0.015019490572374374,0,4,8.592225728587435,850,0.04108318894699928,0.10209451747520762,0.8566223936114975,0.02212699423149465,COMPLETE
9,0.8992935721728343,2026-09-18 20:29:33.396282,2026-09-18 20:29:33.813006,0 days 00:00:00.416724,0.9445398843556558,0.7051424146988217,0.008479632791352576,0.08710745900492396,0,2,1.254154702238012,150,0.5994537656798818,0.011888189431127745,0.6571779905381634,0.031138256948972334,COMPLETE
10,0.8791909374935434,2026-09-18 20:29:33.813316,2026-09-18 20:29:34.066145,0 days 00:00:00.252829,0.44406773525369697,0.49829915503835576,2.49126012994849,0.24556311777193843,2,5,0.7866730060102135,100,0.12914255934971886,26.76597026658423,0.9350519414652012,0.030300345359138985,COMPLETE
11,0.8550182543690383,2026-09-18 20:29:34.066433,2026-09-18 20:29:35.368064,0 days 00:00:01.301631,0.771778366164048,0.9401973974573562,0.006293409262270459,0.034035186017622704,1,5,18.400513573607405,700,0.002395101334421434,0.35801660723556805,0.8196529607252018,0.04233774056624343,COMPLETE
12,0.8938558847824989,2026-09-18 20:29:35.368413,2026-09-18 20:29:36.406850,0 days 00:00:01.038437,0.5840565366809549,0.5542057722028646,0.19084400662760012,0.24488517066422286,0,7,1.2436317382958586,500,0.050832786404433464,5.9594184975947675,0.6963863964827971,0.02978000084013905,COMPLETE
13,0.9068470197871571,2026-09-18 20:29:36.407281,2026-09-18 20:29:37.279479,0 days 00:00:00.872198,0.5696250630311719,0.556913402717387,0.9466288487451778,0.06366570079183649,1,7,0.5173718473508286,300,0.00675662486986185,0.0835412058466246,0.8114672080381466,0.021580641156833023,COMPLETE
14,0.9000155021316786,2026-09-18 20:29:37.279841,2026-09-18 20:29:38.273980,0 days 00:00:00.994139,0.42579143066855396,0.6375361854822303,1.4585013503438087,0.049989297538412227,1,6,0.5448722652912035,400,0.06573258083954114,0.012846554692289392,0.6741233853169241,0.03524151762337231,COMPLETE
15,0.8688005531640728,2026-09-18 20:29:38.274329,2026-09-18 20:29:38.501181,0 days 00:00:00.226852,0.6427981378187037,0.42344252936694327,2.9263908646704486,0.03921026340319161,1,7,0.7826512611008943,200,0.09498273737472623,14.06075739617825,0.8368142490030177,,PRUNED
16,0.8896573602179045,2026-09-18 20:29:38.501449,2026-09-18 20:29:40.280269,0 days 00:00:01.778820,0.8079336244061275,0.4759173787543482,0.18761831775699206,0.026568087470639372,0,7,0.817977983749145,500,0.05681449541162123,0.009862698050432224,0.8694955106887406,,PRUNED
17,0.8715385732148473,2026-09-18 20:29:40.280516,2026-09-18 20:29:40.423770,0 days 00:00:00.143254,0.581195249986865,0.4143037295082877,1.6321161491666123,0.15570810393792286,3,6,4.150405835638107,100,0.01682188371975422,0.08900664657002368,0.7105039949809311,,PRUNED
18,0.8863207368299744,2026-09-18 20:29:40.424171,2026-09-18 20:29:41.028117,0 days 00:00:00.603946,0.43276691210443907,0.4558888004626946,1.6749360611746715,0.04183851124572863,5,7,2.060997643654735,300,0.0033233486606010555,0.05330100455275669,0.9394959563023743,,PRUNED
19,0.9038970385602628,2026-09-18 20:29:41.028388,2026-09-18 20:29:44.290601,0 days 00:00:03.262213,0.5856528716139364,0.6362503879039121,0.025664142195713724,0.04234471011992266,0,6,1.094952188376487,800,0.2135672267567209,8.27286405604499,0.9270263716081893,0.03096946499217947,COMPLETE
20,0.8956152254410064,2026-09-18 20:29:44.292867,2026-09-18 20:29:45.067262,0 days 00:00:00.774395,0.8013196837815195,0.5720251765357299,3.289058791645053,0.15100617095556038,0,7,0.6634657798006232,450,0.00020971928087010414,0.029619391358008357,0.9276475448071417,0.02655098984545561,COMPLETE
21,0.8985316371228935,2026-09-18 20:29:45.067667,2026-09-18 20:29:47.998699,0 days 00:00:02.931032,0.5532759953503305,0.7078926689542319,0.031767620481584255,0.04107901818569881,0,5,1.4700084777066897,800,0.039615582553309714,3.1510177548805594,0.9377590232103328,0.028684165660264247,COMPLETE
22,0.8887607969315052,2026-09-18 20:29:47.999153,2026-09-18 20:29:49.922033,0 days 00:00:01.922880,0.5534223148067278,0.590384366337514,0.005365344190713736,0.01754695276278801,1,7,1.9659822951264054,450,1.1149282990626852,1.9634258462718128,0.7599964729229944,,PRUNED
23,0.88217347605248,2026-09-18 20:29:49.922284,2026-09-18 20:29:51.823327,0 days 00:00:01.901043,0.46581431508447435,0.4642656467225277,0.013627566212318133,0.046696148494760045,2,6,0.661158098238651,600,0.24530851004919324,18.18149219247906,0.9608648579769118,,PRUNED
24,0.8770901787399246,2026-09-18 20:29:51.823580,2026-09-18 20:29:52.866607,0 days 00:00:01.043027,0.5295142579032507,0.6181118824521837,0.06770243917344315,0.07193072753964122,1,5,1.5124771394795342,900,3.8749876151451876,29.92585188860516,0.7402785209883587,,PRUNED
25,0.8694383358692553,2026-09-18 20:29:52.866863,2026-09-18 20:29:53.552943,0 days 00:00:00.686080,0.5929809371257219,0.4670355552933087,0.14337444444626962,0.039094637688519056,1,7,0.6444447424667522,500,0.000143012552429758,0.08795383231288718,0.7900742569589572,,PRUNED
26,0.9006693448060998,2026-09-18 20:29:53.553196,2026-09-18 20:29:54.295505,0 days 00:00:00.742309,0.5334780763674811,0.5743444641115207,1.676743235763835,0.11612741088060492,2,4,0.5337925928425075,450,0.002505229472615908,0.43975505137631943,0.832544858980057,0.02547037826054234,COMPLETE
27,0.8973484089899955,2026-09-18 20:29:54.295874,2026-09-18 20:29:54.973733,0 days 00:00:00.677859,0.5119949794420181,0.6864142673705858,1.2494659640536028,0.046873648673085876,1,7,0.5057918974342671,150,0.0067207611778151285,0.008363563180486075,0.9814639455657674,0.03338296006373976,COMPLETE
28,0.8564365379996888,2026-09-18 20:29:54.974037,2026-09-18 20:29:55.160491,0 days 00:00:00.186454,0.5519436542900183,0.4218778509899108,0.6624555586351657,0.23512712660489546,1,7,1.4882725802065868,200,0.4658840190818342,0.15674285236780708,0.8591897817955152,,PRUNED
29,0.8786755280245843,2026-09-18 20:29:55.160756,2026-09-18 20:29:55.775137,0 days 00:00:00.614381,0.6647080375725769,0.6140298082454976,0.010727746244395627,0.08051029634160616,1,7,0.5533614870432871,450,0.1468751704968687,0.10721061850531098,0.7907391293773229,,PRUNED
30,0.9097241306508479,2026-09-18 20:29:55.775390,2026-09-18 20:29:58.891138,0 days 00:00:03.115748,0.8285950623635889,0.6238700664387525,0.005514862883114024,0.049800664442047594,0,6,0.8151439361029936,900,1.3013231750986338,4.782983183871313,0.9711028218096407,0.024685251021601514,COMPLETE
31,0.8915429000280645,2026-09-18 20:29:58.891654,2026-09-18 20:29:59.642378,0 days 00:00:00.750724,0.48493055436232857,0.5592696151847991,0.574577165012409,0.07728474641302514,0,6,1.035826808426084,250,0.0179539332705422,2.0951282170210246,0.8063910797901721,,PRUNED
32,0.9029654868685949,2026-09-18 20:29:59.642638,2026-09-18 20:30:03.645419,0 days 00:00:04.002781,0.9461818255550836,0.579664759714862,0.004907115313840915,0.05303387349756327,2,5,1.4052640616481613,900,0.42546953124602,13.30325819644825,0.7886563577657715,0.02886644533304682,COMPLETE
33,0.8732029106900219,2026-09-18 20:30:03.646095,2026-09-18 20:30:05.145018,0 days 00:00:01.498923,0.9263954382316433,0.7427400372639916,0.002067172765855432,0.044613572277173705,0,7,0.7523409412929762,850,0.05989282686584795,0.6648806132482661,0.9854216908910645,,PRUNED
34,0.9006281064357239,2026-09-18 20:30:05.145274,2026-09-18 20:30:07.267885,0 days 00:00:02.122611,0.8066795745916477,0.6988981424118476,0.00025250838469521343,0.058703381322021735,0,6,1.7614525975216067,900,6.532314819356578,1.1256334992167931,0.9272493670489369,0.02614263915449643,COMPLETE
35,0.8844301962055707,2026-09-18 20:30:07.268258,2026-09-18 20:30:10.745284,0 days 00:00:03.477026,0.803317507826708,0.400867907461113,0.0019432869351563749,0.052008332204133825,0,7,1.0831776544034277,900,0.7000533428684715,49.51857341188458,0.9176727642805083,,PRUNED
36,0.895167721511559,2026-09-18 20:30:10.745532,2026-09-18 20:30:11.530572,0 days 00:00:00.785040,0.5936578140893747,0.6475208685013041,0.32497054915318213,0.030537051019513962,4,6,0.9435785891947519,150,0.0004213301311599569,0.19795648428437124,0.7846111374924253,0.03240652619591109,COMPLETE
37,0.8780031236804768,2026-09-18 20:30:11.531009,2026-09-18 20:30:12.076943,0 days 00:00:00.545934,0.4305257864489755,0.4273965733885092,0.26877235644812736,0.0964829570800969,0,6,0.6733372659730504,600,0.07741807798668462,10.851606486002852,0.6823922939024593,,PRUNED
38,0.9062780370474524,2026-09-18 20:30:12.077177,2026-09-18 20:30:14.180607,0 days 00:00:02.103430,0.7082532708137167,0.613370954775235,0.030992013358716087,0.03772254089364369,0,5,0.6321284234974578,800,1.789055815067213,1.0374002579249626,0.9470117963423127,0.026394551353733378,COMPLETE
39,0.8998122372246842,2026-09-18 20:30:14.180904,2026-09-18 20:30:17.528015,0 days 00:00:03.347111,0.6943725055492107,0.547208729556507,0.08072277528061948,0.011872303323322524,3,6,1.0942491542085564,750,2.1226062931818235,0.08619943556645496,0.9066023480452676,0.03110377140806218,COMPLETE
40,0.899464311423924,2026-09-18 20:30:17.529514,2026-09-18 20:30:20.851217,0 days 00:00:03.321703,0.9637644714654559,0.6317155125561327,0.05922593637543309,0.044906409172426054,2,7,1.2445158787389738,900,4.37848806120948,9.700805783612564,0.9613056325212405,0.025487145905899056,COMPLETE
41,0.9067730362450656,2026-09-18 20:30:20.851701,2026-09-18 20:30:23.837832,0 days 00:00:02.986131,0.6062075714982038,0.7350283487031644,0.0017953931203072006,0.020367349116012345,3,5,0.7952827373699476,750,3.146520104517,3.9776327989799003,0.9844142842264532,0.02473056817754853,COMPLETE
42,0.9083340685247132,2026-09-18 20:30:23.838136,2026-09-18 20:30:26.546601,0 days 00:00:02.708465,0.6458340582782924,0.8315532882591016,0.0010672552068105106,0.014981794636540329,4,5,1.0217452421403082,600,0.482950289876399,0.3140458119394017,0.9908360392726713,0.026210238256214425,COMPLETE
43,0.9121121471256913,2026-09-18 20:30:26.547081,2026-09-18 20:30:30.093613,0 days 00:00:03.546532,0.7695406857579621,0.8341570658560111,0.0005604925950734723,0.011112661905159714,5,4,1.0874024387124446,850,3.562563472783927,1.2607218959802593,0.9064578915681574,0.02129452561505422,COMPLETE
44,0.9098889197284497,2026-09-18 20:30:30.094139,2026-09-18 20:30:32.813599,0 days 00:00:02.719460,0.7771230585599671,0.9804357665640019,0.00016035827009211503,0.010372755002124574,5,3,4.182355288888046,900,0.5357517090370709,1.546955935847511,0.9387038641169729,0.02101959618144807,COMPLETE
45,0.9042251526144321,2026-09-18 20:30:32.814151,2026-09-18 20:30:34.610031,0 days 00:00:01.795880,0.8235066284379312,0.8513959953188247,0.0003697196278597963,0.021807542507857405,5,2,4.670336714629728,900,6.150202709849566,1.5085289655666556,0.9729308489676574,0.025211959135267952,COMPLETE
46,0.9111302940364705,2026-09-18 20:30:34.610549,2026-09-18 20:30:37.332397,0 days 00:00:02.721848,0.8070291116195787,0.8770251434592047,0.0020948082913090707,0.011518401285156162,5,4,0.9372762209687665,650,1.7557360904325883,4.06554605022276,0.8266539910601274,0.018345481538854905,COMPLETE
47,0.8963327402012491,2026-09-18 20:30:37.332877,2026-09-18 20:30:39.032480,0 days 00:00:01.699603,0.6946364494057556,0.8580363110663884,0.000517039779419619,0.011441946474056434,6,2,0.5362902064482441,800,7.040949143146754,0.13376967442955043,0.8531601785540189,,PRUNED
48,0.9073995057349364,2026-09-18 20:30:39.032777,2026-09-18 20:30:41.651412,0 days 00:00:02.618635,0.5916615507724822,0.8690813605171316,0.0009724494179396262,0.020683651245199896,8,6,1.065928746717343,550,0.6508427419810106,0.07341400139427157,0.9225446497546579,0.023346801453411888,COMPLETE
49,0.9034030865504757,2026-09-18 20:30:41.651763,2026-09-18 20:30:44.189743,0 days 00:00:02.537980,0.7438459844867522,0.8359057071109384,0.0010924701551632918,0.01610451036054485,6,4,3.0403298461343615,800,0.017524440929789182,0.38977029840648164,0.9642160617301836,0.020849794160350085,COMPLETE
50,0.9080095112520208,2026-09-18 20:30:44.190175,2026-09-18 20:30:48.559531,0 days 00:00:04.369356,0.7661782396530373,0.9431452067667343,0.0034730695414513357,0.014280041494971299,6,5,0.6574278005461557,850,1.6231510390837787,3.6322339379734516,0.753255163677468,0.021752475753648453,COMPLETE
51,0.9093923829201364,2026-09-18 20:30:48.559849,2026-09-18 20:30:50.231425,0 days 00:00:01.671576,0.5885392949531056,0.9133099151106124,0.0033701323177625503,0.01139611947440251,3,4,3.958253752462609,450,2.4414600434218117,0.13560698424355702,0.8979985788230522,0.021263201425259393,COMPLETE
52,0.8991623628301468,2026-09-18 20:30:50.231778,2026-09-18 20:30:51.171067,0 days 00:00:00.939289,0.6233627498088219,0.9058994666016403,0.0034027372604771024,0.01123698167364144,2,4,2.957192292189079,250,0.19044259832602084,0.020121472838373587,0.7464788754752839,0.03322299869666996,COMPLETE
53,0.9036833524711607,2026-09-18 20:30:51.171398,2026-09-18 20:30:53.675195,0 days 00:00:02.503797,0.8941628806719664,0.9930215226793597,0.00023099939620773732,0.010527409410980968,8,4,4.370609923865511,650,0.2560133867560484,15.135034835426541,0.8411463202917397,0.021273851866998903,COMPLETE
54,0.8871024395979831,2026-09-18 20:30:53.675546,2026-09-18 20:30:54.284886,0 days 00:00:00.609340,0.5287602524182435,0.9797719994151721,0.001999920592380258,0.014026962145375172,3,4,2.6878901803739264,500,9.013219523262881,0.23712407601114985,0.9179895923559035,,PRUNED
55,0.8885822601582496,2026-09-18 20:30:54.285123,2026-09-18 20:30:55.317474,0 days 00:00:01.032351,0.8819590099889398,0.9296742453866537,0.0016251956732093755,0.019075783586159245,3,4,0.8694964245402247,600,8.498985889385194,14.91621425174379,0.927203721508928,,PRUNED
56,0.911560522362242,2026-09-18 20:30:55.317731,2026-09-18 20:30:58.739946,0 days 00:00:03.422215,0.8194887125851197,0.744809142332801,0.00013218158790298328,0.01569396095721976,5,4,0.7887339702969169,900,1.2692277096736688,0.9125582029523507,0.9787786062861723,0.02268654287132363,COMPLETE
57,0.910799221307772,2026-09-18 20:30:58.740257,2026-09-18 20:31:01.547870,0 days 00:00:02.807613,0.9728194976775743,0.7364903240764477,0.00040384834611504174,0.017586646361687375,8,3,0.6806105174250573,900,1.1424040033386944,7.280999274566289,0.9535343508881363,0.020059119302880724,COMPLETE
58,0.9010163973914377,2026-09-18 20:31:01.548170,2026-09-18 20:31:03.922924,0 days 00:00:02.374754,0.9812444205524957,0.5028988060614703,0.000183213193790165,0.013400258763411383,7,3,1.0067720445923707,900,3.8764299053599163,6.427596403190763,0.8826937064677021,0.02425526889378954,COMPLETE
59,0.9102410907075809,2026-09-18 20:31:03.923439,2026-09-18 20:31:06.557424,0 days 00:00:02.633985,0.9172993309195043,0.7291945796974538,0.01249461572971758,0.010015903154625633,5,3,0.662139420187401,900,0.2104279212144553,10.408425015457736,0.9420149701837984,0.021457385684208023,COMPLETE
60,0.9066441468619132,2026-09-18 20:31:06.559336,2026-09-18 20:31:08.812685,0 days 00:00:02.253349,0.7191077920775732,0.6273181356598853,0.014191649272089496,0.014368806583281468,4,3,2.0988953275768623,900,0.18828923330437913,9.920754239130593,0.9220619676997021,0.025175151687967214,COMPLETE
61,0.912404786733342,2026-09-18 20:31:08.813194,2026-09-18 20:31:11.617852,0 days 00:00:02.804658,0.9821676792215251,0.8565901956692122,0.19506666971443712,0.010678576852153655,5,3,0.6866191417148503,800,0.004942630293360296,8.0604914630824,0.9788952480811698,0.019955919638746853,COMPLETE
62,0.8812056821099996,2026-09-18 20:31:11.618340,2026-09-18 20:31:12.225898,0 days 00:00:00.607558,0.9162163173655303,0.8382372440346612,0.026101787131578215,0.010851145165774602,3,2,1.0118976950937348,650,0.003239798402982166,27.74555331781753,0.9680523547856551,,PRUNED
63,0.9097996366377524,2026-09-18 20:31:12.226137,2026-09-18 20:31:15.361793,0 days 00:00:03.135656,0.9656107025610491,0.7585156927495174,0.00010162845373214903,0.0188394122992161,8,4,0.5142957847489594,750,0.05457944982412834,15.719802458022029,0.9833957002876004,0.021064690783643404,COMPLETE
64,0.910190058315435,2026-09-18 20:31:15.362076,2026-09-18 20:31:17.173617,0 days 00:00:01.811541,0.962536483741903,0.921692699122487,1.2687668137663963,0.012142789143050062,6,3,0.5454885503589415,550,0.0004636401827114787,1.364327872965832,0.8731928089426002,0.020276422401036956,COMPLETE
65,0.8998887636057943,2026-09-18 20:31:17.174072,2026-09-18 20:31:18.343444,0 days 00:00:01.169372,0.7510806943129494,0.8684446763513961,2.008087031705275,0.011466001873287507,6,3,0.8411869539410903,500,0.0003461151604087908,9.449418716205276,0.8032196200471351,,PRUNED
66,0.9141597854979902,2026-09-18 20:31:18.343709,2026-09-18 20:31:22.523379,0 days 00:00:04.179670,0.9390539644350304,0.8900095073192701,0.08159544102439226,0.012591428028395349,3,4,0.9993248106920819,900,0.17059175206792787,4.993214755147682,0.9730374421740182,0.018142029217555568,COMPLETE
67,0.891012313188406,2026-09-18 20:31:22.523687,2026-09-18 20:31:24.136153,0 days 00:00:01.612466,0.9982580250996899,0.8554147042082617,0.12560865166348947,0.01871284215344733,5,5,1.3244383495321086,900,0.002605116027240055,2.350980265572577,0.9554882452504662,,PRUNED
68,0.9126733566065974,2026-09-18 20:31:24.136401,2026-09-18 20:31:28.220633,0 days 00:00:04.084232,0.7971401864821718,0.7969996791150005,0.008096696962085117,0.011091426430406282,6,5,1.5297730349649816,900,1.488647759444424,0.31103433044819706,0.885044245808457,0.023345780802693998,COMPLETE
69,0.907558606767169,2026-09-18 20:31:28.220951,2026-09-18 20:31:30.710128,0 days 00:00:02.489177,0.8897251149852115,0.645565455973774,0.09789596964137602,0.02968374245504909,5,5,2.9103719684369174,800,3.4269288991781113,0.4860112226603672,0.8558339666191264,0.022952774116516677,COMPLETE
70,0.9130823079462853,2026-09-18 20:31:30.710430,2026-09-18 20:31:33.916171,0 days 00:00:03.205741,0.7036453157238888,0.8831645681413841,0.00398185142613603,0.043533951667473425,8,4,0.9280056327215033,800,1.484435145086784,41.77157436997948,0.9713205198525151,0.022229656988064127,COMPLETE
71,0.890280975266625,2026-09-18 20:31:33.916520,2026-09-18 20:31:34.941740,0 days 00:00:01.025220,0.7826432822735124,0.9957305698889704,0.012404324603140834,0.0606996891896509,8,4,1.9195118201198624,850,0.8366089648699399,2.4545709016897512,0.9603757671097817,,PRUNED
72,0.9134543827990613,2026-09-18 20:31:34.941984,2026-09-18 20:31:39.043244,0 days 00:00:04.101260,0.8801100307320201,0.9351300247387953,0.05935951993318003,0.013720906507621915,5,5,3.380794194261135,900,4.7924904272959585,6.600699976138143,0.9881413054431558,0.019701064706864512,COMPLETE
73,0.8752362256578506,2026-09-18 20:31:39.043835,2026-09-18 20:31:40.741184,0 days 00:00:01.697349,0.7854017705236145,0.9426290081820355,0.08880792778546807,0.011205209649468582,6,6,1.843557993850138,900,9.629445295831138,0.0718819022028855,0.9616589977797088,,PRUNED
74,0.9112336505372394,2026-09-18 20:31:40.741432,2026-09-18 20:31:45.429285,0 days 00:00:04.687853,0.8794907300156937,0.7838954177521524,0.005441062145724573,0.013271266415261619,6,6,1.9515086265751567,850,3.120693155074593,6.186166348917168,0.9487768416768411,0.021834263323729047,COMPLETE
75,0.910398306683156,2026-09-18 20:31:45.429663,2026-09-18 20:31:47.375299,0 days 00:00:01.945636,0.6245850149999643,0.8595645519207388,0.0012708703584082116,0.08678091394580144,6,3,0.8760404996394071,700,1.3551439326441796,22.202909326032014,0.8784734165729812,0.023202699137504758,COMPLETE
76,0.907105906151234,2026-09-18 20:31:47.375728,2026-09-18 20:31:51.367808,0 days 00:00:03.992080,0.8212692636236899,0.7926165424955349,0.013309325228002962,0.014686159691997876,4,7,4.853423320086001,900,1.9144576945474063,16.601132299467107,0.9208463669194507,0.02252138469825748,COMPLETE
77,0.9068732338046978,2026-09-18 20:31:51.368327,2026-09-18 20:31:56.329050,0 days 00:00:04.960723,0.9067054369921109,0.734074430910898,0.06297425106324103,0.011717139640124915,8,6,1.4047686909256527,850,2.267393262537619,6.708706915451246,0.9618203246317928,0.0234263194515004,COMPLETE
78,0.9054287610911149,2026-09-18 20:31:56.329630,2026-09-18 20:32:01.332164,0 days 00:00:05.002534,0.9372535797688548,0.964505991522814,0.13437383559202937,0.012545656695809114,4,5,1.4917157155672958,800,0.9097268693324969,25.442062402097665,0.9993370289930076,0.02223314799973099,COMPLETE
79,0.9142159491969885,2026-09-18 20:32:01.332482,2026-09-18 20:32:05.907105,0 days 00:00:04.574623,0.8491911505302574,0.8320209863283523,0.05842832636324162,0.018949363415731914,1,5,0.7319981575887913,900,0.16416504925710715,3.830746819284931,0.8852021982043043,0.01888756517740199,COMPLETE
80,0.9122743296647595,2026-09-18 20:32:05.909149,2026-09-18 20:32:08.961112,0 days 00:00:03.051963,0.9585606173713872,0.8981130906868802,0.08893514094129275,0.01490765673567017,2,3,1.0318250971072689,900,0.07278204843076769,6.478307739021836,0.8629838364709776,0.020094533056830344,COMPLETE
81,0.9130466302954021,2026-09-18 20:32:08.961631,2026-09-18 20:32:11.136949,0 days 00:00:02.175318,0.793253914555417,0.8562626301514434,0.29241101444407064,0.02707800904791903,2,3,0.9819519149570349,700,0.08900159151763781,3.7879605157283534,0.8579113336908959,0.020077513442376904,COMPLETE
82,0.9121433483988491,2026-09-18 20:32:11.137347,2026-09-18 20:32:12.754316,0 days 00:00:01.616969,0.8894118993907769,0.8904521173387994,1.5055752296720533,0.04632454348144451,3,2,1.1971424996431603,800,0.26714892301822873,7.379708542124907,0.7809990350742405,0.023530946532735884,COMPLETE
83,0.9110568581290132,2026-09-18 20:32:12.754888,2026-09-18 20:32:14.144388,0 days 00:00:01.389500,0.8821772089621991,0.8569577263340419,1.092151040602778,0.07498516704822342,5,3,0.6430611184754427,800,0.04154523895047538,1.1384486789475274,0.7292410612976887,0.020371659357475397,COMPLETE
84,0.9114003161945934,2026-09-18 20:32:14.144857,2026-09-18 20:32:17.081261,0 days 00:00:02.936404,0.9777390974022027,0.8911608278842755,0.2671775325815042,0.0327566456840113,0,3,0.503308894548734,900,0.034437138212676174,7.319142528228256,0.9156056757464938,0.019745956092908596,COMPLETE
85,0.9010195305561448,2026-09-18 20:32:17.081834,2026-09-18 20:32:18.861664,0 days 00:00:01.779830,0.6448498153138758,0.8510572340637086,1.6359728302321153,0.021558335186356054,2,6,0.5855468120316818,850,0.14795278991585914,26.17064567102712,0.9152239657733231,,PRUNED
86,0.9102687561773039,2026-09-18 20:32:18.861907,2026-09-18 20:32:21.050425,0 days 00:00:02.188518,0.7754540874352347,0.8072660370676668,0.948960874216451,0.023692446165680305,2,3,1.4556143320665238,850,1.4969863888961146,1.288093597221293,0.8942908195982685,0.022577189201483463,COMPLETE
87,0.9111533180105145,2026-09-18 20:32:21.050974,2026-09-18 20:32:24.310974,0 days 00:00:03.260000,0.5481037996820344,0.8303848008963626,0.03126948885338991,0.0518800984145545,8,4,0.7682890296938331,900,0.923555729185298,49.19168795504651,0.9449272017897506,0.023383112734970478,COMPLETE
88,0.9095648446032687,2026-09-18 20:32:24.311325,2026-09-18 20:32:28.608545,0 days 00:00:04.297220,0.8211918286437382,0.7491300009263046,0.04667102235782247,0.010851665124595768,1,5,0.7350109068055908,850,0.12515186260072977,0.8117085714200964,0.9233984142579511,0.02358148544546569,COMPLETE
89,0.9167221850742984,2026-09-18 20:32:28.608959,2026-09-18 20:32:31.303500,0 days 00:00:02.694541,0.9491866793815857,0.9173596683549814,0.5448434975270409,0.010419304856645517,3,3,0.8654020945974379,750,0.5177732740952381,0.4229523616277133,0.8881131018493914,0.018881729670860752,COMPLETE
90,0.9037629488835593,2026-09-18 20:32:31.304063,2026-09-18 20:32:33.039019,0 days 00:00:01.734956,0.7901336604679909,0.8345024705435394,0.04837886114272537,0.01844680322279851,3,3,0.5054977197048917,700,0.02156229264020066,17.223236027935194,0.7690259166588682,,PRUNED
91,0.9101803773375625,2026-09-18 20:32:33.039258,2026-09-18 20:32:34.870121,0 days 00:00:01.830863,0.8482010837066913,0.9453737135810404,0.5667890739768116,0.010511478721859684,1,3,0.5408704514351418,550,0.27733431841593925,1.4702330100684198,0.9812836866146905,0.025054461927836627,COMPLETE
92,0.9093737951696884,2026-09-18 20:32:34.870565,2026-09-18 20:32:36.442462,0 days 00:00:01.571897,0.9976836350750908,0.6830091902470725,0.5000266503028273,0.02102664364425416,3,2,0.6438356870047361,750,0.17249352654788683,0.008388886346786818,0.7980045697640271,0.023505155651870155,COMPLETE
93,0.9131046525930169,2026-09-18 20:32:36.442998,2026-09-18 20:32:38.421900,0 days 00:00:01.978902,0.9595454851285702,0.8968658439783915,2.7266731559417923,0.011605673822012679,3,3,0.9587062760874772,650,0.7489821426658939,0.00953521617752333,0.9165229791764046,0.021261894271566023,COMPLETE
94,0.9058192996642983,2026-09-18 20:32:38.422309,2026-09-18 20:32:39.265468,0 days 00:00:00.843159,0.9418338003850296,0.9896873132931098,1.1882356825629172,0.02169230592876798,3,2,0.8648611544920366,350,0.13561085626239622,0.05638708037086634,0.7640034040082418,0.025359899168976217,COMPLETE
95,0.9061043145265848,2026-09-18 20:32:39.265875,2026-09-18 20:32:40.615675,0 days 00:00:01.349800,0.945579680601915,0.6795436025632751,0.9090024238881188,0.021109217032305755,4,4,2.046084597439608,450,2.545587375849538,0.004128108745226829,0.9682470603311791,,PRUNED
96,0.9103810936107081,2026-09-18 20:32:40.615936,2026-09-18 20:32:42.724606,0 days 00:00:02.108670,0.9615179550158482,0.8788669322623468,0.10970200449754272,0.011461595732143136,3,3,2.54886544548308,650,1.128843084258577,1.1399743650355574,0.773170803785273,0.021088373036788562,COMPLETE
97,0.9066289986804756,2026-09-18 20:32:42.725060,2026-09-18 20:32:44.270107,0 days 00:00:01.545047,0.9806087053897189,0.9321022870914373,3.4607854417996284,0.011072340500971674,4,2,1.0832594672907956,700,0.2011766890880106,0.088604587665244,0.9433603039562098,0.02300397435646324,COMPLETE
98,0.9138017400137801,2026-09-18 20:32:44.270570,2026-09-18 20:32:47.382246,0 days 00:00:03.111676,0.8732796034279369,0.7633562837464963,0.0897881971753927,0.01369574358175848,6,4,0.9321708568473392,800,0.43291794019379115,0.1273031627600494,0.8356350782843278,0.020342167139628217,COMPLETE
99,0.8900935726526351,2026-09-18 20:32:47.382650,2026-09-18 20:32:48.539730,0 days 00:00:01.157080,0.902406815834748,0.8135536852698236,0.004200742628822018,0.01942396529585429,5,4,1.4481779589465151,850,0.10117673772506211,0.015520920504605927,0.7586821246407018,,PRUNED
100,0.9118709359710746,2026-09-18 20:32:48.541057,2026-09-18 20:32:52.822552,0 days 00:00:04.281495,0.8999441179198592,0.9728973510034137,0.12258213432222952,0.03913381017500522,0,7,0.7687354079742234,650,0.09551156783573563,11.111687368475813,0.8207948010791521,0.02272801673152087,COMPLETE
101,0.9125723153835195,2026-09-18 20:32:52.822852,2026-09-18 20:32:54.816906,0 days 00:00:01.994054,0.6910825922290142,0.7558851649134724,0.19259651698191785,0.01408282981189533,5,3,1.3558730281696103,750,0.16619005792231467,0.020700102899723363,0.837808164039297,0.022366562589451907,COMPLETE
102,0.8927726468409791,2026-09-18 20:32:54.817253,2026-09-18 20:32:55.237641,0 days 00:00:00.420388,0.5864662220303625,0.5525314957166012,1.6617689599253493,0.037509507451655655,5,3,4.0368759292368805,550,2.0721435891218842,0.0231497176240464,0.8481252062758202,,PRUNED
103,0.9100295869228703,2026-09-18 20:32:55.237880,2026-09-18 20:32:57.762633,0 days 00:00:02.524753,0.934033108129968,0.7080940133675744,0.12972360915321343,0.010973955980665218,7,3,0.7044896454000699,850,0.9966231512052472,0.046257492313944854,0.7897712302285977,0.02425777664891062,COMPLETE
104,0.8866665302256815,2026-09-18 20:32:57.763103,2026-09-18 20:32:58.937948,0 days 00:00:01.174845,0.7052947895443412,0.9329272153557583,0.0026111340436494736,0.01974050807757816,8,4,0.5338763861428167,700,4.470430580516311,37.486309251498874,0.9033104089799303,,PRUNED
105,0.9113670244821307,2026-09-18 20:32:58.938187,2026-09-18 20:33:01.753924,0 days 00:00:02.815737,0.8566221770407896,0.8817980750072121,2.5664733352744964,0.010873591626227008,3,4,0.8943347992270263,650,2.2865090075437347,0.001938904159751458,0.853877720759655,0.02174908767424536,COMPLETE
106,0.9076886537206621,2026-09-18 20:33:01.754369,2026-09-18 20:33:05.393675,0 days 00:00:03.639306,0.7483431016318579,0.6406332203226094,0.45882670789244684,0.014110764856096374,8,5,0.63311404669496,800,0.13021619277722174,0.07348379404492777,0.9040668895620834,0.023378455525204345,COMPLETE
107,0.8947166777729506,2026-09-18 20:33:05.394151,2026-09-18 20:33:06.185336,0 days 00:00:00.791185,0.6496470048220988,0.7789106620948777,0.04642767807032898,0.021699622875671933,4,3,0.9729971077014763,700,0.3538422829994334,0.02539812246160462,0.6394668045699944,,PRUNED
108,0.9114804398115082,2026-09-18 20:33:06.185575,2026-09-18 20:33:08.309285,0 days 00:00:02.123710,0.7621648694163843,0.8479206110184195,0.2611857380920627,0.017425082005769345,5,3,0.9357564031071608,700,0.011179429530394884,0.0021955858365991145,0.7718134053327448,0.021378339087915053,COMPLETE
109,0.910974704917407,2026-09-18 20:33:08.309752,2026-09-18 20:33:09.895769,0 days 00:00:01.586017,0.6970122646001691,0.7877094015968504,0.5016240978589784,0.04509454894055881,3,4,1.272474238995874,550,0.016003277449884445,4.001823671268225,0.8834329100758062,0.021376132132206103,COMPLETE
110,0.888872606558053,2026-09-18 20:33:09.896162,2026-09-18 20:33:10.381322,0 days 00:00:00.485160,0.5620142225560552,0.7139557165038286,0.18162670977087242,0.010038888425327108,6,2,1.7380546218711306,650,0.6055359530452781,0.003123434519427873,0.8477657901759823,,PRUNED
111,0.9096975402331264,2026-09-18 20:33:10.381573,2026-09-18 20:33:12.593727,0 days 00:00:02.212154,0.6360626031390463,0.7261251081117542,0.44212696709449334,0.016727894847208064,5,3,0.9147864151345089,850,0.04044661021050367,0.04833224941356888,0.8514466963635968,0.02181056655884541,COMPLETE
112,0.9130767879840018,2026-09-18 20:33:12.594252,2026-09-18 20:33:15.267136,0 days 00:00:02.672884,0.7883031485582632,0.9111688524494957,0.20342575511114983,0.010732944809059291,6,3,1.7352468103817515,900,0.5582704528243054,1.8108827144598978,0.8426279026619976,0.022323592276145096,COMPLETE
113,0.9089958012538004,2026-09-18 20:33:15.267603,2026-09-18 20:33:17.007297,0 days 00:00:01.739694,0.899858962540421,0.7131525670368575,0.9519841992577087,0.013765069374051581,4,2,0.6041551053643605,800,0.042602812346997136,4.399805255513552,0.9873412204278496,0.024868866339202104,COMPLETE
114,0.9132892289705399,2026-09-18 20:33:17.007825,2026-09-18 20:33:20.459016,0 days 00:00:03.451191,0.8418112664685489,0.8867144571946629,0.009732177972812889,0.0114193743007119,7,4,2.544238254406576,900,1.1682221858858755,5.223419674385534,0.7939034032513326,0.019010313268981168,COMPLETE
115,0.8934238786208135,2026-09-18 20:33:20.459370,2026-09-18 20:33:21.534769,0 days 00:00:01.075399,0.8230299992863754,0.8571113366027228,0.027896924068269623,0.01757960845053123,7,5,2.118030229397059,650,0.2194026594967141,0.09748307763380339,0.8417306610102546,,PRUNED
116,0.9042885432337421,2026-09-18 20:33:21.535019,2026-09-18 20:33:22.810510,0 days 00:00:01.275491,0.8089629211695076,0.8309011062331202,0.32306761948501855,0.043798723399609656,7,2,2.156153956448385,850,6.051191720015388,2.8472559291405295,0.8843158457131695,,PRUNED
117,0.9137753418262162,2026-09-18 20:33:22.810774,2026-09-18 20:33:25.465250,0 days 00:00:02.654476,0.7211016984998432,0.9702788580381968,0.008749274225286341,0.014310601362895607,6,4,4.093996442330071,750,0.39603666651205954,11.455057531269572,0.9349700230108796,0.020363259736291522,COMPLETE
118,0.8932528332348375,2026-09-18 20:33:25.465692,2026-09-18 20:33:26.205635,0 days 00:00:00.739943,0.9130593228651964,0.9170422917533853,0.11809031117171907,0.015458239478334348,8,2,2.7076535691744845,800,0.05017066068976347,4.064895756305659,0.6953024921924633,,PRUNED
119,0.8849080408450555,2026-09-18 20:33:26.205878,2026-09-18 20:33:26.952641,0 days 00:00:00.746763,0.619109034347569,0.9302808016507251,2.261447314851692,0.012018014698153319,6,2,0.8004814618802013,850,1.0123831482949102,22.696303718681612,0.7410053672304222,,PRUNED
